"AGE_Old","AGE_Young","GENDER_Male","MARITAL_Single","INCOME","CHILDREN","HISTORY_Low","HISTORY_Medium","HISTORY_None","CATALOGS","AMOUNT"
1,0,0,1,47500,0,0,0,0,6,27.4772633280682
0,0,1,1,63600,0,0,0,0,6,36.3042697213427
0,1,0,1,13500,0,1,0,0,18,17.2046505340853
0,0,1,0,85600,1,0,0,0,18,49.3558507170123
0,0,0,1,68400,0,0,0,0,12,36.1109401705356
0,1,1,0,30400,0,1,0,0,6,22.248595461287
0,0,0,1,48100,0,0,1,0,12,27.9642629082191
0,0,1,1,68400,0,0,0,0,18,33.9852909359329
0,0,0,0,51900,3,1,0,0,6,12.5698050899765
1,0,1,0,80700,0,0,0,1,18,55.0817574156816
0,1,1,0,43700,1,0,0,1,12,30.4466746952767
0,0,1,0,111800,3,0,0,0,18,45.4422710700071
0,0,0,0,44100,1,0,1,0,24,26.5329983228432
0,0,1,0,111400,0,0,0,0,12,46.2168800331654
1,0,0,0,110000,0,0,0,0,24,74.5922247958861
0,0,0,0,83100,1,0,0,1,12,52.5927751692188
1,0,0,0,82800,0,0,0,0,24,54.8634668973808
0,0,1,0,90100,0,0,0,0,18,44.226688774992
0,0,1,1,38600,1,1,0,0,18,23.2808934536456
1,0,0,1,14000,0,1,0,0,12,20.2484567313166
0,1,0,1,14300,2,1,0,0,6,13.9283882771841
0,1,1,0,49800,0,0,1,0,12,28.7576076890968
1,0,0,0,60200,0,0,0,0,18,48.2493523272593
0,1,1,0,43500,1,0,1,0,12,28.4253408071038
0,1,0,0,41700,1,0,0,1,6,22.8254244210267
0,0,0,0,92300,3,1,0,0,18,25.5929677841395
0,0,1,1,62800,3,0,0,1,6,26.5894716006167
0,0,0,0,72900,0,0,0,0,18,45.5521678957215
0,0,0,0,66900,2,0,1,0,12,27.7308492477241
0,1,1,1,21700,1,0,0,1,18,27.8208554864871
1,0,0,0,39700,0,0,1,0,12,23.9374184071716
0,0,1,0,72200,1,0,0,0,12,45.6289381861993
0,0,0,0,87700,3,0,0,1,24,49.457052075513
0,0,1,0,104100,0,0,0,0,24,51.3419906119737
0,0,1,1,67700,0,0,0,0,12,47.1805044483418
0,0,0,1,27000,2,1,0,0,6,13.5277492584687
0,0,0,1,64100,2,0,0,0,24,39.9374510954317
0,0,1,1,47000,1,0,1,0,12,24.1660919471891
1,0,0,0,41600,0,0,0,1,18,31.3368792319848
1,0,0,1,20100,0,1,0,0,24,24
0,0,1,1,64000,3,1,0,0,12,20.2484567313166
0,0,0,0,96800,3,0,0,1,24,55.515763527128
0,0,1,0,76200,1,0,0,1,24,49.3659801887899
1,0,0,0,81500,0,0,0,0,18,60.4565960007674
0,0,0,1,49600,1,0,1,0,12,29.0516780926679
1,0,0,0,111500,0,0,0,0,18,50.0999001995014
0,0,1,0,77700,0,0,0,1,6,31.3528308131818
0,1,1,0,58900,0,0,0,1,18,34.8568501158667
0,0,1,0,126500,2,0,0,0,18,44.7213595499958
0,0,0,0,83300,1,0,0,0,24,50.7346035758633
0,0,0,0,90500,1,0,0,0,6,33.4065861769801
0,0,0,0,87200,0,0,0,0,18,60.0333240792145
0,0,0,0,105300,1,0,0,1,24,57.9655069847578
0,0,0,1,56000,3,0,1,0,6,23.0217288664427
0,0,0,1,46600,0,0,1,0,24,30.0998338865848
1,0,1,0,69800,0,0,0,0,24,52.5737577123797
0,0,1,1,60300,0,0,0,0,24,35.5387112878337
0,1,1,0,67800,0,0,0,0,12,32.9241552663087
0,0,1,1,42300,0,0,1,0,24,32.4191301548947
0,1,0,0,33700,0,0,0,1,6,24.7790233867277
0,0,1,1,62700,2,0,1,0,12,26.5329983228432
0,1,0,1,25900,2,0,0,1,12,21.1896201004171
0,1,0,1,15600,1,1,0,0,6,11.6619037896906
1,0,0,1,14600,0,1,0,0,24,21.6333076527839
1,0,0,0,62600,0,0,0,0,6,23.7697286480094
0,1,1,0,66700,0,0,0,1,18,36.1939221417077
0,0,1,0,72500,0,0,0,1,24,50.9411425078001
0,1,0,1,13200,0,0,0,1,24,18.9208879284245
0,0,0,1,51300,0,0,1,0,24,37.7359245282264
0,0,1,1,72300,0,0,0,0,24,64.668384856899
0,1,0,1,15600,0,0,0,1,12,21.6333076527839
0,0,0,0,90400,1,0,0,0,18,54.0740233383831
0,0,1,1,71500,0,0,0,1,6,31.04834939252
0,1,1,1,14400,0,0,0,1,24,24.7991935352745
0,1,1,1,15000,3,1,0,0,6,6.16441400296898
0,0,1,1,57600,1,0,0,1,6,31.7175030543074
0,1,0,0,60600,3,1,0,0,12,17.5214154679352
0,0,1,0,84300,2,0,0,0,18,40.5955662603689
0,1,0,1,24400,1,1,0,0,6,14.8323969741913
0,1,0,1,22100,2,1,0,0,18,16.7332005306815
0,0,1,0,48800,2,0,0,1,12,40.5832477754061
0,0,0,0,74700,1,0,1,0,6,26.5329983228432
0,1,0,1,32400,1,0,1,0,24,30.3315017762062
1,0,0,1,11400,0,0,0,1,6,16.062378404209
0,0,1,0,127000,0,0,0,1,12,42.6731765867037
0,0,1,1,47200,0,0,1,0,18,39.8371685740842
0,0,0,1,48700,2,1,0,0,12,22.9782505861521
0,1,1,1,20400,0,0,1,0,18,29.4448637286709
0,0,1,1,39000,0,0,0,1,6,25.3574446662119
0,1,0,1,12900,1,1,0,0,6,10.3440804327886
0,0,0,0,67300,1,0,0,0,18,38.8973006775534
1,0,1,0,134500,0,0,0,0,24,67.512961718473
1,0,1,0,75500,0,0,0,0,6,27.2213151776324
1,0,0,0,33600,2,0,1,0,12,28.3725219182222
0,1,0,1,16300,1,0,0,1,12,21.6794833886788
0,1,1,0,27400,1,1,0,0,6,16.6733320005331
0,0,0,0,110400,3,1,0,0,24,33.0605505096331
0,1,0,1,21100,1,1,0,0,6,21.6794833886788
0,0,1,0,81200,0,0,0,0,24,43.081318457076
0,0,1,0,87100,2,0,0,0,18,41.0852771683483
0,1,0,1,21700,3,0,0,1,24,26.6082693913001
0,0,0,1,42200,0,0,0,1,18,41.8688428309166
0,0,1,1,59000,0,0,0,0,24,55.1724568965349
0,0,0,1,52700,2,1,0,0,18,29.2403830344269
0,1,1,1,20900,0,1,0,0,24,23.4520787991171
0,0,1,0,90700,3,0,0,0,24,47.5920161371632
1,0,0,0,91800,0,0,0,1,24,49.5176736125598
0,1,0,1,27900,0,0,1,0,18,34.4093010681705
1,0,0,0,70700,0,0,0,0,24,46.3680924774785
0,0,1,0,79600,2,0,0,1,6,39.6862696659689
0,0,1,0,96400,1,0,0,0,24,42.6848919408261
0,0,0,1,46600,2,0,0,1,18,33.9558536926993
1,0,1,0,106600,0,0,0,0,12,43.3243580448689
0,0,0,0,104900,3,1,0,0,6,21.2132034355964
1,0,1,1,56300,0,0,1,0,6,29.5465734053883
0,1,0,1,14800,1,1,0,0,6,14.456832294801
1,0,1,0,58300,0,0,1,0,24,38.3666521865018
0,0,1,1,70200,0,0,0,0,12,41.2553026894725
1,0,1,0,59700,0,0,0,0,18,43.0929228528305
0,1,1,1,25800,0,0,0,1,6,21.2367605815953
0,1,0,1,12000,0,1,0,0,24,18.5472369909914
0,0,1,1,51900,0,0,0,0,18,38.6264158316559
0,0,0,1,66800,3,0,0,1,24,45.8039299623951
0,0,1,0,105300,1,0,0,1,18,59.2030404624627
0,1,0,1,13800,3,1,0,0,6,11.2694276695846
0,1,1,1,14800,3,0,0,1,12,20.8806130178211
0,0,0,0,44200,0,0,0,0,24,50.2394267483219
0,1,1,1,10400,0,0,0,1,18,13.7477270848675
0,0,0,1,35200,0,0,1,0,12,24.6373699895098
0,1,0,1,16100,0,0,0,1,6,14.2126704035519
0,0,1,0,113000,2,0,1,0,18,39.4208066888541
0,0,1,0,63300,2,0,0,1,6,25.1594912508182
0,1,1,1,19100,0,0,0,1,6,13.2664991614216
0,0,0,0,93400,2,0,0,1,24,55.4887375960203
1,0,0,0,52500,0,0,0,0,24,45.1442133611828
0,0,0,0,45400,3,0,1,0,24,34.6842903920492
0,1,0,1,21400,3,0,0,1,6,18.0554700852678
0,0,0,1,53700,3,1,0,0,12,15.3297097167559
0,1,0,0,68000,0,0,0,0,24,60.7289058027559
0,1,1,1,17400,0,0,0,1,12,18.2208671582886
0,1,0,1,14600,1,1,0,0,6,11.9582607431014
1,0,0,0,100100,0,0,0,0,12,55.7135531087365
0,0,1,0,103700,1,0,0,0,24,48.363209157375
0,1,0,1,10800,3,1,0,0,6,11.0905365064094
0,0,0,0,81700,3,1,0,0,24,29.6479341607472
1,0,0,1,21400,0,1,0,0,18,22.3159136044214
1,0,0,0,114800,0,0,0,0,18,59.9666574022598
1,0,0,0,67900,0,0,0,0,24,54.0832691319598
0,0,1,0,53700,1,0,0,1,12,32.8785644455472
0,1,0,1,11400,3,0,0,1,12,17.6635217326557
0,1,1,0,34300,3,0,0,1,12,36.0138862107382
0,1,0,1,16400,1,1,0,0,12,14.7648230602334
0,0,0,0,109800,0,0,0,0,18,65.4140657657052
0,0,1,1,64200,0,0,0,0,18,40.5215991787096
0,1,1,1,17000,0,0,0,1,18,24.1039415863879
0,0,0,1,41400,3,1,0,0,6,14.9331845230681
0,0,0,1,49100,2,1,0,0,6,21.7715410570772
1,0,0,1,42600,0,0,0,0,24,42.3083916026124
0,1,0,1,11900,1,1,0,0,6,11.9582607431014
0,0,1,0,113600,2,0,0,0,18,56.8946394662977
0,0,1,1,52900,1,0,0,1,24,48.1248376620639
0,1,0,1,14300,1,0,0,1,18,21.4009345590327
0,1,1,1,21000,0,1,0,0,24,25.4165300542777
0,0,1,1,59600,2,0,1,0,18,34.8855270850248
0,0,0,1,39700,3,1,0,0,12,15.4272486205415
1,0,1,0,51200,0,0,1,0,12,35.9583091927304
0,0,0,0,88200,0,0,0,1,24,52.4309069156733
0,0,1,0,122100,0,0,0,0,12,49.0713765855412
1,0,0,0,84800,0,0,0,0,18,51.2249938994628
0,0,1,0,140000,0,0,0,0,12,69.9571297295708
1,0,0,1,28500,0,1,0,0,24,24.9198715887542
0,0,1,1,60300,0,0,0,0,6,26.4764045897475
0,1,0,0,51900,0,0,0,1,6,27.9284800875379
0,0,1,1,60200,0,0,1,0,12,36.9459064038223
0,0,1,0,81200,0,0,0,0,12,51.8941229813165
1,0,1,0,73100,0,0,0,0,6,39.7743636027027
1,0,1,1,45700,0,0,1,0,18,26.9072480941474
1,0,0,1,28900,0,1,0,0,12,28.8097205817759
0,1,0,0,60100,0,0,0,1,18,39.9249295553543
0,0,0,0,84800,1,0,0,1,12,42.731721238443
1,0,0,0,35000,0,0,1,0,6,21.7485631709315
0,1,0,0,61700,0,0,0,1,12,34.0734500748016
1,0,0,0,46900,0,0,1,0,6,26.5141471671257
0,0,0,0,123600,1,0,0,1,12,43.4971263418631
0,1,1,0,45800,0,0,1,0,6,22.113344387496
0,0,1,0,77800,1,0,0,0,18,42.5793377120875
0,0,0,1,48700,1,0,0,1,12,38.1706693679846
0,0,0,1,39000,3,1,0,0,6,17.0880074906351
0,1,0,0,40000,0,0,0,1,6,24.7588368062799
0,0,0,0,118300,1,0,0,1,18,51.7783738639985
0,1,0,1,27100,2,1,0,0,24,20.9045449603669
0,0,0,0,91000,2,0,1,0,6,26.6082693913001
0,0,0,0,35300,0,0,1,0,24,33.0605505096331
0,1,0,1,10200,2,1,0,0,18,14.5945195193264
0,1,0,1,12500,1,1,0,0,6,14.2126704035519
1,0,0,1,64600,0,0,0,1,6,36.0277670693036
0,0,1,0,113800,0,0,0,1,12,57.2101389615512
0,0,1,0,113400,3,0,0,0,18,42.3083916026124
0,1,0,1,16900,1,1,0,0,6,15.7162336455017
0,1,0,1,13600,1,1,0,0,6,13.5277492584687
0,0,1,0,100100,1,0,0,0,24,59.0846849868898
1,0,0,0,80000,0,0,0,0,6,44.5533388198909
0,0,1,0,83900,0,0,0,0,24,41.4849370253831
0,0,1,0,77000,0,0,0,0,12,45.8693797647189
0,0,0,0,72900,3,1,0,0,6,15.8745078663875
0,1,1,0,80700,3,1,0,0,6,14.2126704035519
0,1,0,0,40900,1,0,1,0,18,31.0161248385416
0,1,0,1,26700,1,0,0,1,12,21.4242852856285
0,0,1,0,54700,0,0,1,0,18,29.1204395571221
1,0,0,0,23600,1,1,0,0,6,12.6885775404495
0,0,1,1,56900,0,0,0,0,24,43.0929228528305
0,0,1,1,68700,1,0,0,1,24,41.2189276910499
0,1,0,1,19300,1,1,0,0,24,17.5499287747842
0,1,1,0,20200,1,1,0,0,24,22.3606797749979
0,0,0,0,61500,3,0,1,0,24,34.0881210981186
0,0,0,0,101700,1,0,0,1,24,50.5074251966976
0,0,0,0,120800,1,0,0,0,24,76.3544366752843
0,1,0,1,17300,1,1,0,0,18,19.5192212959431
0,1,0,0,42300,0,0,0,1,6,29.2574776766556
0,0,1,1,53300,0,0,1,0,18,41.4728827066554
0,0,0,1,42800,0,0,1,0,12,27.5499546279118
0,0,1,0,98400,0,0,0,0,18,57.4891294072192
0,0,0,1,51200,0,0,1,0,18,35.4541958024717
1,0,1,1,62200,0,0,0,1,12,39.7869325281555
0,0,1,0,109200,3,1,0,0,24,33.1963853453957
0,1,0,1,11400,2,0,0,1,6,13.6381816969859
0,1,0,1,14000,0,1,0,0,12,15.1327459504216
1,0,0,0,97000,0,0,0,1,24,50.9803883861235
0,1,0,1,29600,3,0,0,1,12,27.8208554864871
1,0,1,0,71200,1,0,1,0,12,25.2586618806302
1,0,0,1,15000,0,1,0,0,12,19.4422220952236
0,0,1,0,64000,1,0,0,1,6,39.3954312071844
1,0,1,0,33000,0,0,1,0,12,31.288975694324
1,0,0,0,74400,0,0,0,0,18,49.7895571380184
0,1,1,1,20300,2,1,0,0,24,21.2132034355964
0,0,1,0,68700,0,0,0,0,24,52.5642464038057
0,1,1,0,53600,3,0,1,0,24,39.496835316263
1,0,0,1,33200,0,0,1,0,24,32.2024843762092
0,1,0,0,70900,0,0,0,1,6,26.2678510731274
0,1,0,1,23200,3,0,0,1,24,27.7488738510232
0,1,1,1,41400,0,0,1,0,18,25.3574446662119
0,1,0,0,63200,0,0,0,0,24,38.8844441904472
1,0,1,0,107400,0,0,0,0,12,38.5356977359954
0,1,1,1,13900,0,0,0,1,24,23.8746727726266
0,0,0,0,79900,1,0,1,0,18,34.132096331752
0,0,1,0,120000,3,0,0,0,18,43.8862165149834
1,0,1,0,66300,0,0,0,1,18,47.3603209448585
0,0,0,1,54400,3,1,0,0,18,18.4932420089069
0,0,1,0,84200,0,0,0,0,24,40.6693988153255
0,1,0,0,13800,0,1,0,0,18,19.0525588832576
0,1,0,1,14500,1,1,0,0,6,14.8996644257513
0,1,1,1,21300,0,1,0,0,24,26.0192236625154
1,0,1,1,29000,0,1,0,0,6,21.9544984001001
1,0,0,1,14600,1,1,0,0,24,19.6214168703486
1,0,1,1,65300,0,0,0,0,18,37.9868398264452
0,0,0,0,100800,1,0,0,0,24,42.2965719651132
0,1,0,1,19800,1,1,0,0,24,31.4801524773944
0,0,1,1,56700,2,1,0,0,18,23.1516738055805
1,0,1,0,90200,0,0,0,0,18,46.7225855448947
0,1,1,1,26100,1,0,0,1,6,22.2261107708929
0,1,0,1,15900,0,1,0,0,18,22.4276614920058
0,1,0,1,12700,3,1,0,0,12,9.32737905308882
0,0,1,1,43200,0,0,0,1,24,30.2820078594534
0,0,0,0,114100,1,0,0,1,24,44.4522215417857
0,0,1,0,96100,3,1,0,0,12,17.7763888346312
0,0,1,0,97200,0,0,0,1,12,40.4227658628155
0,0,1,0,82400,2,0,0,0,24,45.1109742745598
1,0,1,1,62000,0,0,0,0,24,57.3846669416143
0,1,0,1,13400,1,1,0,0,12,11.9582607431014
0,0,1,0,108200,3,1,0,0,12,25.1992063367083
0,1,0,0,76200,0,0,0,0,12,31.288975694324
0,0,1,0,81800,1,0,0,0,18,42.871902220452
0,1,0,1,12000,0,1,0,0,6,16.2480768092719
0,0,1,0,76100,0,0,0,1,6,26.8141753555838
0,0,1,0,82100,1,0,0,0,18,36.1662826400502
1,0,0,0,103300,0,0,0,0,24,58.1205643468816
0,1,1,1,14200,1,0,0,1,24,20
0,0,0,1,47500,0,0,0,0,6,29.1032644217105
0,1,0,1,31300,1,1,0,0,6,18.8944436276912
0,1,0,0,32700,1,0,0,1,18,35.7211421989835
0,0,1,0,72200,0,0,0,0,24,49.9199358973947
0,0,0,0,107600,2,0,1,0,12,38.8844441904472
0,0,1,0,109900,2,0,1,0,12,29.4957624075053
0,0,0,0,65400,2,0,1,0,24,30.6267856622271
1,0,0,1,43300,0,0,0,1,12,39.7994974842648
1,0,0,1,51900,0,0,1,0,12,33.8821486921948
0,0,0,0,80600,0,0,0,0,24,53.2916503778969
0,0,0,1,42700,0,0,1,0,12,28.7576076890968
0,1,1,1,19000,0,0,0,1,12,20.6881608655772
0,1,0,1,14500,1,1,0,0,6,13.5277492584687
0,0,0,0,68200,1,0,0,1,6,28.6006992921502
0,1,1,0,36700,0,0,1,0,12,27.0370116691915
1,0,1,0,54600,0,0,0,0,24,46.5080638169339
0,0,1,0,65900,1,0,1,0,12,32.8785644455472
0,1,1,1,39600,0,0,0,1,12,32.9393381840012
0,1,1,0,67300,3,0,0,1,6,34.8137903710584
0,0,1,1,59700,1,0,0,1,18,37.7094152699296
0,0,0,0,102800,2,0,0,0,18,47.3075046900595
0,0,0,1,34700,0,0,0,1,18,40.1870625948202
0,0,1,1,50600,3,0,0,1,6,26.7020598456374
0,0,1,0,106700,2,0,1,0,6,24.6373699895098
0,0,1,1,53900,1,0,1,0,6,27.1108834234519
0,1,0,0,25500,2,1,0,0,6,11.7898261225516
0,1,1,0,46300,1,0,1,0,18,36.8374809127877
1,0,1,0,55500,0,0,1,0,18,29.2916370317536
0,1,0,1,27800,3,0,0,1,12,20.1990098767242
0,0,1,0,118600,1,0,0,1,12,39.4081209904761
0,0,0,0,130700,3,0,0,1,6,45.4972526643093
1,0,1,1,42800,0,0,1,0,12,30.364452901378
0,0,0,0,118300,1,0,0,0,12,50.0199960015992
0,1,0,1,25600,2,0,0,1,18,20.6397674405503
0,0,1,0,63500,2,0,0,1,24,48.1767578817836
1,0,0,1,30900,0,0,1,0,18,29.3598365118064
0,0,1,1,55900,1,0,0,1,24,50.5470078244004
0,0,1,1,53900,0,0,0,1,12,34.4383507154451
1,0,1,0,84300,0,0,0,0,24,53.3104117410474
1,0,1,1,53400,1,0,1,0,12,29.7657521322744
0,0,1,0,96900,1,0,0,0,12,37.6828873628335
0,0,1,1,55800,1,0,0,1,6,28.6530975637888
0,1,0,0,25900,1,1,0,0,6,15.556349186104
0,1,0,1,22000,1,1,0,0,12,21.7255609824004
0,0,0,0,96700,2,0,1,0,12,35.0856095856977
0,0,0,1,40200,1,0,0,1,12,29.6816441593117
1,0,1,0,26800,0,1,0,0,12,20.8566536146142
0,1,0,1,16700,2,1,0,0,12,10.3923048454133
0,1,0,0,40900,2,1,0,0,18,24
0,1,1,0,41500,3,0,0,1,24,36.2491379207837
0,1,1,1,20900,0,0,0,1,6,17.2046505340853
0,1,0,0,69700,2,0,1,0,6,24.1660919471891
0,0,1,1,61800,0,0,0,0,24,34
0,0,1,0,102500,1,0,0,0,24,49.6386945839634
0,0,0,0,48900,3,0,0,1,18,30.2489669245083
0,0,1,1,60300,0,0,0,1,24,45.7274534606947
0,1,1,0,41600,0,0,0,0,24,41.1096095821889
0,0,1,1,73700,1,0,1,0,12,35.6931365951495
0,1,0,1,27000,1,0,0,1,24,31.8119474411737
0,0,0,1,43700,0,0,1,0,12,30.8220700148449
0,1,1,1,10200,2,0,0,1,12,18.2482875908947
0,0,0,0,63300,2,0,1,0,24,26.0576284415908
0,1,0,1,33200,2,0,1,0,12,24.6373699895098
1,0,0,0,78800,0,0,0,0,18,58.2923665671587
0,0,1,0,82500,0,0,0,0,6,29.3087017795057
0,0,1,1,80800,2,0,0,0,18,49.4368283772331
0,0,1,0,88100,2,0,1,0,24,32.832910318764
0,0,1,0,124800,3,0,0,0,18,50.3686410378521
0,1,1,1,31900,0,0,1,0,6,24.8193472919817
0,0,0,1,53300,3,0,0,1,6,22.5388553391693
1,0,1,0,15400,0,1,0,0,6,17.2336879396141
0,0,1,0,70200,0,0,0,1,6,39.7869325281555
0,1,0,1,23000,3,1,0,0,6,8.88819441731559
0,0,0,0,82400,2,0,1,0,18,25.6320112359526
0,0,0,0,97900,0,0,0,0,24,46.357307945997
1,0,0,0,88400,0,0,0,0,18,60.2660766932775
0,0,0,0,86900,0,0,0,0,18,47.2228758124704
0,0,0,1,45100,1,0,1,0,12,21.1660104885167
0,0,1,1,41800,3,1,0,0,24,17.3493515728975
1,0,1,0,74800,0,0,0,0,18,44.3621460256377
0,0,0,0,73000,1,0,1,0,6,22.1359436211787
0,0,1,0,118500,1,0,0,0,24,55.3443764080868
0,0,1,1,65300,3,1,0,0,6,13.8924439894498
0,0,0,0,66300,2,0,1,0,12,23.3238075793812
0,0,1,0,103900,1,0,0,0,24,51.6333225737023
0,0,0,0,71900,0,0,0,0,18,42.9651021178817
0,0,1,0,86100,1,0,0,1,12,35.4259791678367
0,0,1,0,96300,1,0,0,0,12,32.8785644455472
0,1,0,1,10200,3,0,0,1,6,14.1067359796659
0,0,1,0,96300,2,0,0,1,18,62.5779513886481
1,0,0,1,24000,1,1,0,0,6,18.8944436276912
0,0,0,0,46700,0,0,1,0,24,31.3528308131818
0,0,0,1,53700,2,0,0,1,12,34.554305086342
0,0,1,0,108300,2,0,0,1,12,47.1593044902064
0,1,0,1,12100,1,1,0,0,6,9.48683298050514
0,1,1,0,36600,0,0,0,1,6,24.2280828791714
1,0,1,0,66300,0,0,0,0,12,32.9848450049413
0,1,0,1,33400,1,0,0,1,6,24.8394846967484
0,0,1,0,70000,1,0,0,1,6,35.028559776274
0,0,0,1,47900,1,0,1,0,24,25.7293606605372
0,0,0,0,40500,2,1,0,0,18,24.9399278266799
1,0,1,1,69100,0,0,0,0,12,38.4317577011513
0,1,0,1,13300,1,0,0,1,6,15.3622914957372
0,0,0,0,75800,1,0,0,0,12,42.7784992724149
0,0,0,0,48600,0,0,1,0,24,39.7869325281555
1,0,0,1,39600,0,0,1,0,12,24.6981780704569
0,1,0,1,11700,0,1,0,0,12,13.8924439894498
0,1,1,0,52600,1,0,1,0,12,32.4345494804537
0,1,1,1,14600,3,0,0,1,6,17.5214154679352
1,0,1,0,123000,0,0,0,0,24,60.5887778388044
1,0,0,0,64600,0,0,0,0,18,46.9680742632695
0,0,0,1,34600,2,0,1,0,18,27.3495886623547
0,0,1,0,74500,0,0,0,0,6,38.4837628097877
1,0,1,0,56600,0,0,0,1,24,40.0874045056549
1,0,0,1,37000,1,0,0,1,6,25.1396101799531
0,1,0,1,18400,1,1,0,0,6,17.4068951855292
0,1,1,1,25000,0,1,0,0,6,16.2480768092719
0,0,1,0,61400,1,0,0,0,24,39.6862696659689
0,0,1,0,76400,2,0,1,0,18,29.6816441593117
0,1,1,0,55100,0,0,1,0,18,37.9341534767813
1,0,0,0,22800,0,0,0,1,12,21.2602916254693
1,0,0,0,10100,1,1,0,0,6,9.64365076099295
0,1,1,1,17800,0,1,0,0,18,17.0880074906351
0,0,0,0,59100,1,0,0,1,6,37.7624151769984
0,1,0,1,19700,2,1,0,0,6,18.1659021245849
0,0,1,0,73800,0,0,0,0,24,55.8569601750758
0,0,1,0,113300,1,0,0,0,18,71.7704674639925
0,0,1,0,118400,2,0,0,1,12,62.777384462878
0,0,1,0,92300,1,0,0,1,24,46.2709412050371
0,1,1,1,11200,0,0,0,1,6,10.295630140987
0,1,0,0,30100,0,0,1,0,12,23.0217288664427
0,0,0,1,43500,1,0,1,0,12,22.3606797749979
0,0,1,0,97500,0,0,0,0,18,53.2634959423431
1,0,1,0,54600,0,0,1,0,24,35.2987251894456
0,0,1,1,42500,1,0,0,1,6,28.2488937836511
0,0,1,1,82800,0,0,0,1,6,39.293765408777
1,0,1,0,62300,0,0,0,0,24,51.4198405287298
0,1,1,1,21900,2,0,0,1,6,13.856406460551
0,0,0,1,35600,3,1,0,0,18,29.4108823397055
0,0,1,0,96900,0,0,0,0,6,34.0440890610984
0,1,0,0,36900,1,0,0,1,18,38.4707681233427
0,0,0,0,93500,1,0,0,0,18,37.7624151769984
0,0,1,0,97300,1,0,0,1,12,55.208694967369
0,1,1,1,21900,0,1,0,0,12,16.6132477258361
0,0,1,1,63000,0,0,0,0,24,43.7035467668243
0,1,0,1,11500,3,0,0,1,6,12.5299640861417
0,0,1,1,44600,2,1,0,0,6,15.3622914957372
0,1,0,1,21900,1,0,0,1,12,24
0,0,1,1,45100,1,0,1,0,12,28.1780056072107
1,0,0,0,74900,0,0,0,0,12,38.3927076409049
0,1,1,1,14200,0,1,0,0,6,15.8113883008419
0,1,0,1,23200,2,0,0,1,24,28.0713376952364
1,0,1,0,73300,0,0,0,1,12,41.1582312545134
1,0,1,0,41300,0,0,0,0,24,44.5533388198909
1,0,0,1,32700,0,0,1,0,24,35.3836120259083
1,0,0,1,35200,0,0,0,1,12,28.7576076890968
0,1,0,1,13100,0,0,0,1,18,17.7200451466693
0,0,1,0,97400,1,0,0,0,6,29.6647939483827
0,1,0,1,23100,2,1,0,0,6,21.5870331449229
0,0,1,1,49200,3,1,0,0,12,14.4913767461894
0,0,1,1,45000,1,0,0,1,18,30.0333148353624
0,0,1,0,87200,0,0,0,0,18,35.6931365951495
0,0,1,1,49900,1,0,0,1,24,40.3856410126173
0,0,1,0,66900,0,0,0,0,12,34.928498393146
0,0,0,1,47600,1,0,1,0,12,28.3019433961698
0,0,0,1,47900,0,0,0,1,12,33.0151480384384
0,0,1,1,59400,0,0,1,0,18,41.2189276910499
0,0,0,1,32700,2,1,0,0,6,16.5227116418583
0,0,1,1,34200,1,1,0,0,18,22.8691932520585
0,0,1,0,96600,0,0,0,1,12,37.9077828420497
0,0,0,0,126300,1,0,0,0,6,43.4511219648009
0,1,1,1,31600,1,0,0,1,12,21.8174242292714
0,0,0,0,108100,3,0,0,0,18,51.3030213535226
0,0,0,1,43300,3,1,0,0,24,18.0554700852678
1,0,0,1,17900,0,1,0,0,6,21.1187120819429
0,0,1,1,50100,1,0,0,0,18,32.7261363439071
1,0,0,0,74700,0,0,0,0,12,41.2189276910499
1,0,1,0,60000,0,0,1,0,6,31.0805405358401
0,1,1,1,33400,0,0,0,1,12,23.8117617995813
0,0,0,0,68800,0,0,0,1,6,40.7185461430047
0,0,0,1,25700,2,1,0,0,6,13.1529464379659
0,0,1,0,83700,0,0,0,0,24,57.8273291792038
0,0,1,1,50500,0,0,1,0,12,32.0780298646909
0,1,0,1,17300,0,1,0,0,12,18.5741756210067
0,0,1,1,45800,0,0,0,1,6,26.6833281282527
1,0,1,0,108900,0,0,0,0,12,42.9068759058499
0,0,0,0,60500,2,1,0,0,6,20.2237484161567
1,0,0,0,84100,0,0,0,0,18,52.0576603392815
0,1,1,0,25100,0,0,1,0,12,24.3310501211929
0,0,1,0,69900,1,0,0,1,18,45.8366665454634
0,0,1,0,97100,0,0,0,1,12,38.379682124791
0,0,0,0,72200,2,0,1,0,18,26.7394839142419
1,0,0,0,78900,0,0,0,0,18,47.2546294028426
0,0,0,1,62500,3,0,0,1,6,30.347981810987
0,1,0,1,17800,1,1,0,0,6,14.6969384566991
0,0,0,0,105500,1,0,0,0,6,42.2018956920184
0,0,0,1,46100,2,1,0,0,12,20.4450483002609
0,1,1,1,27100,1,1,0,0,12,16.3707055437449
0,1,1,0,60300,1,0,0,1,6,35.3836120259083
0,1,0,1,12000,0,1,0,0,6,11.8321595661992
0,0,0,1,48400,0,0,1,0,12,31.4960314960472
0,0,1,1,45600,0,0,1,0,18,37.2558720203943
0,0,0,1,35200,2,1,0,0,6,15.2643375224737
0,0,1,1,60200,0,0,0,0,24,48
0,0,0,0,53900,1,0,0,0,18,46.6583325891528
0,0,1,0,70400,2,0,0,1,12,33.570820663189
0,1,1,0,36900,0,0,1,0,18,26.8514431641951
1,0,0,1,36100,0,0,1,0,12,20.9284495364563
0,1,0,1,11000,2,0,0,1,18,19.824227601599
0,0,1,1,61600,0,0,0,1,18,40.8166632639171
0,0,1,0,88700,1,0,0,1,18,49.4772675074119
0,0,0,0,88600,1,0,0,0,18,50.6260802353886
0,0,1,0,79500,0,0,0,0,18,41.988093550434
0,1,0,1,18900,1,1,0,0,6,13.5646599662505
1,0,0,1,17300,0,1,0,0,6,12.8840987267251
0,0,0,0,81400,2,0,0,1,6,31.8433666561813
0,1,1,0,36500,0,0,1,0,24,33.7638860322683
0,0,0,1,43300,1,0,0,1,18,31.9530906173409
0,0,1,0,76700,1,0,1,0,24,37.8285606387555
0,0,1,0,123000,1,0,0,0,24,76.668115928331
0,0,1,1,56300,3,1,0,0,6,17.9164728671689
0,0,1,0,70000,0,0,0,0,24,44.4297197830461
0,0,1,1,48100,0,0,1,0,18,40.4969134626332
0,1,0,0,79400,0,0,0,1,6,34.2782730020052
0,0,0,0,63700,3,1,0,0,12,19.0787840283389
0,1,1,1,21200,0,0,0,1,12,20.4205778566621
0,0,1,1,53900,0,0,1,0,12,32.5576411921994
1,0,0,0,118800,0,0,0,0,18,46.6476151587624
0,0,0,0,79400,3,1,0,0,6,14.142135623731
1,0,0,1,20400,0,0,0,1,24,22.6495033058122
0,0,1,1,52400,0,0,0,1,18,29.2745623366089
1,0,0,1,17600,0,1,0,0,6,14.9666295470958
0,1,1,1,23500,0,1,0,0,12,19.2613602842582
0,1,1,0,56900,2,1,0,0,12,26.2106848441623
0,0,1,0,95100,2,0,1,0,12,28.4429253066558
0,0,1,0,119800,2,0,1,0,24,45.7165178026498
1,0,1,1,58700,0,0,0,1,24,38.4577690460588
0,0,0,0,76700,2,0,1,0,6,23.1084400165827
0,0,1,0,67600,1,0,1,0,18,34.2344855372474
0,0,1,1,61500,2,0,1,0,24,31.1126983722081
1,0,0,0,72900,0,0,0,0,6,27.4408454680245
1,0,0,1,21200,0,1,0,0,6,15.556349186104
1,0,1,1,32400,1,1,0,0,12,22.6936114358204
0,0,0,0,62200,3,0,0,1,24,46.0325971459356
1,0,0,1,24400,0,1,0,0,6,22.1585198061603
0,0,1,0,66500,3,1,0,0,12,16.9115345252878
1,0,0,0,72200,0,0,0,0,24,55.3985559378582
0,1,0,1,16900,2,0,0,1,6,16.7630546142402
0,1,1,0,56300,0,0,0,1,24,40.0998753115268
1,0,0,1,22000,0,0,1,0,12,27.1293199325011
0,1,0,1,18800,2,1,0,0,18,13.0384048104053
0,1,0,1,26600,2,1,0,0,24,15.6524758424985
0,0,0,0,72100,0,0,0,0,24,55.2449092677325
0,0,1,1,55600,0,0,0,0,18,42.2610932182309
0,1,0,1,14600,3,1,0,0,6,6.85565460040104
1,0,1,0,45900,0,0,1,0,24,40.5585995813465
0,1,0,1,15100,0,1,0,0,6,16.5529453572468
0,0,1,0,90300,0,0,0,0,24,44.0908153700972
1,0,1,0,95900,0,0,0,0,24,50.8428952755446
0,1,1,1,20800,0,0,0,1,6,16.1245154965971
0,0,1,0,98400,0,0,0,0,12,37.6031913539263
0,1,0,1,15000,2,0,0,1,12,18.4661853126194
0,1,1,1,17700,1,1,0,0,12,16.3707055437449
0,0,1,0,102400,1,0,0,0,18,35.1710107901379
0,1,1,1,17800,1,0,0,1,18,24.2693221990232
0,1,1,1,13800,1,1,0,0,12,19.1833260932509
0,0,0,1,50500,1,0,1,0,12,30.6594194335118
0,0,0,1,42000,3,1,0,0,18,15.2315462117278
0,0,1,0,95800,3,1,0,0,12,26.0384331325831
0,1,1,1,15200,0,0,0,1,12,18
0,1,1,1,15800,2,1,0,0,12,12.1243556529821
1,0,1,1,51400,0,0,0,1,6,26.343879744639
1,0,0,0,38200,0,0,1,0,6,22.9346898823594
0,0,0,1,39900,1,1,0,0,12,24.2074368738204
0,1,0,1,21600,2,0,0,1,12,22.1585198061603
1,0,0,0,65900,0,0,0,0,24,37.8945906429928
0,0,0,0,97500,1,0,0,0,12,35.7770876399966
0,0,1,0,63000,0,0,0,0,18,45.902069670114
0,1,0,1,31900,0,0,0,1,12,29.3257565972304
0,0,0,1,45500,1,0,0,1,18,40.2988833592198
1,0,0,1,12800,0,0,0,1,12,15.1657508881031
1,0,0,0,12600,2,1,0,0,12,12.8062484748657
0,0,1,1,50700,3,1,0,0,6,12.5299640861417
0,1,0,1,17900,3,1,0,0,6,7.87400787401181
0,1,0,1,14400,1,1,0,0,18,14.9331845230681
1,0,0,1,23800,0,1,0,0,6,20.9284495364563
0,0,1,0,84700,3,0,0,1,24,52.0096144957834
0,0,0,1,36900,1,1,0,0,6,19.2613602842582
1,0,0,1,20600,0,1,0,0,6,14.1774468787578
0,1,1,0,41500,0,0,0,1,24,34.828149534536
0,0,1,0,83100,2,0,1,0,6,24.2074368738204
0,0,1,0,88700,2,0,0,0,24,51.8941229813165
1,0,0,0,54700,0,0,1,0,24,37.4699879903904
0,0,1,1,68900,2,0,0,1,18,52.7636238330917
0,1,0,1,22200,2,1,0,0,18,16.583123951777
0,0,0,0,70900,1,0,1,0,12,28.1780056072107
0,0,1,1,55900,0,0,1,0,12,31.04834939252
0,0,0,0,80800,1,0,0,1,18,39.9749921826134
0,0,1,0,100600,3,0,0,0,24,53.2728824074688
1,0,0,1,39900,0,0,0,1,6,24.8797106092495
0,1,0,0,71200,3,1,0,0,12,19.7989898732233
1,0,0,0,61000,0,0,0,1,18,43.0116263352131
1,0,1,1,38700,0,0,0,1,24,38.8072158238645
0,0,1,0,98900,0,0,0,1,18,55.9106429939775
0,0,1,1,64300,0,0,0,1,6,36.4005494464026
0,0,0,0,75600,0,0,0,1,12,39.255572852781
0,1,0,0,53700,0,0,0,0,24,49.9099188538711
0,0,1,1,66600,0,0,0,0,18,34.3074335968169
1,0,0,0,89000,0,0,0,0,12,38.5616389693177
0,1,0,1,18200,2,1,0,0,12,17.9443584449264
0,1,0,0,73600,1,0,1,0,6,25.4361946839538
0,0,0,1,45600,0,0,0,0,12,36.3593179253957
0,1,1,0,73000,0,0,0,1,6,39.1663120551323
0,1,1,1,29600,3,0,0,1,12,24.1453929352993
0,0,1,0,92900,1,0,0,1,6,41.2916456441252
1,0,0,1,13900,0,1,0,0,6,13.8202749610853
0,1,1,0,64300,3,1,0,0,6,15.4596248337403
0,0,1,0,77100,2,0,1,0,6,23.832750575626
0,1,0,1,27500,3,0,0,1,12,23.895606290697
1,0,1,0,81800,0,0,0,0,6,30.3150127824482
1,0,0,0,41700,0,0,1,0,18,37.3898381916798
1,0,0,0,51000,0,0,1,0,12,32.0156211871642
0,0,1,1,55900,1,0,1,0,12,30.1496268633627
0,1,1,1,19800,2,1,0,0,12,14.456832294801
0,1,1,1,17600,0,0,0,1,6,15.6524758424985
0,0,1,0,84100,1,0,0,0,24,48.6004115208915
0,0,1,0,85600,0,0,0,0,24,58.1377674149945
0,1,1,1,13400,0,1,0,0,18,20.591260281974
0,1,0,0,47200,1,0,1,0,12,35.665109000254
0,0,1,0,96300,1,0,0,0,24,43.692104549907
0,0,1,0,60500,3,1,0,0,12,18.4390889145858
0,0,0,1,35800,1,0,0,1,24,36.8103246386119
0,0,1,0,106100,3,1,0,0,12,21.7255609824004
0,1,1,1,18000,0,1,0,0,12,17.4068951855292
0,0,1,1,50000,1,0,0,1,6,32.8481354113137
1,0,0,1,58200,0,0,1,0,18,31.3209195267317
0,1,0,1,13500,2,1,0,0,12,12.6491106406735
0,0,0,0,59900,1,0,0,1,6,24.7588368062799
0,1,0,1,18400,1,1,0,0,12,25.7293606605372
0,0,1,0,62800,3,1,0,0,6,13.3041346956501
0,0,1,1,70000,0,0,0,0,6,28.0178514522438
0,1,0,1,13600,1,0,0,1,18,18.6815416922694
0,0,0,0,97400,3,1,0,0,6,14.5945195193264
1,0,0,0,37500,0,0,1,0,18,39.7240481320824
1,0,0,1,22800,0,1,0,0,6,16.062378404209
0,1,0,1,14200,0,0,0,1,6,13.856406460551
0,1,1,1,18700,0,1,0,0,12,17
0,0,1,0,107400,1,0,0,0,24,42.6731765867037
0,1,0,1,28900,0,0,1,0,24,30.0832179129826
0,0,1,0,38400,2,1,0,0,6,13.7113092008021
0,0,1,1,54200,0,0,0,1,18,37.4833296279826
1,0,1,0,102700,0,0,0,1,18,48.7954915950234
0,1,0,1,13300,1,1,0,0,6,13.5646599662505
0,0,1,1,60200,3,0,0,1,12,36.9323706252388
0,1,1,1,21400,0,0,0,1,12,20.3469899493758
0,1,0,1,21700,2,0,0,1,6,19.672315572906
0,1,1,1,23200,1,1,0,0,24,22.4499443206436
0,0,1,0,64800,2,0,1,0,12,23.9582971014219
0,0,1,1,55600,0,0,1,0,6,31.3687742827162
0,0,1,0,89500,0,0,0,0,24,72.1734023030645
0,1,0,1,12500,1,0,0,1,12,20.5426385841741
0,0,1,0,87000,0,0,0,0,24,39.9249295553543
0,0,0,1,31200,3,0,0,1,24,32.9696830436691
0,1,0,1,13700,1,0,0,1,6,12.7671453348037
0,0,1,1,55500,3,1,0,0,18,20.6639783197718
0,0,0,1,58600,1,0,1,0,6,24.9799919935936
0,1,0,0,55900,1,0,0,1,6,28.0713376952364
0,1,0,1,13700,2,0,0,1,24,20.3469899493758
1,0,0,0,81400,0,0,0,0,24,54.7813836992093
1,0,0,0,90500,0,0,0,0,6,29.3768616431368
0,0,0,0,82200,1,0,0,1,12,38.9486841883009
0,0,1,0,65400,3,0,0,1,6,28.9136645896019
0,0,1,1,74400,0,0,0,0,12,33.9411254969543
0,1,1,0,63300,3,0,0,1,6,37.5233260785874
0,1,1,0,51600,0,0,0,1,12,32.8937684067971
0,1,1,0,55000,0,0,0,1,12,34.0881210981186
0,0,0,1,43900,2,1,0,0,6,18.9208879284245
0,1,0,1,20300,1,1,0,0,12,17.4355957741627
0,1,0,1,16300,0,0,0,1,12,18.9736659610103
0,0,1,0,97600,2,0,1,0,12,34.0881210981186
1,0,0,1,15100,0,1,0,0,6,18.6547581061776
0,1,0,1,12500,3,0,0,1,12,14.3527000944073
0,1,0,1,10600,2,1,0,0,12,10.6770782520313
0,0,0,1,41300,1,0,0,1,18,30.5286750449475
0,1,0,1,27200,2,1,0,0,18,21.1187120819429
0,0,1,0,102400,1,0,0,1,12,49.6588360717405
0,1,0,1,27900,1,0,0,1,12,24
1,0,1,0,23800,0,0,0,1,12,20.6881608655772
0,0,1,0,1e+05,1,0,0,0,24,47.4025315779653
0,0,0,0,43300,3,0,1,0,24,26.7581763205193
0,0,1,0,65800,1,0,0,1,12,31.8904374382039
0,0,0,0,49700,2,1,0,0,18,24.7588368062799
0,0,0,0,82300,2,0,1,0,12,24.0831891575846
0,0,1,1,41200,0,0,1,0,12,29
0,1,1,1,29200,0,1,0,0,18,27.1477439209965
0,0,0,1,51900,2,0,0,1,12,34.0881210981186
0,0,0,0,85500,2,0,1,0,18,29.9165506033032
0,1,0,1,12400,3,1,0,0,18,14.3178210632764
0,0,0,0,111900,1,0,0,1,12,48.3735464897913
0,0,0,1,40400,1,1,0,0,24,25.0998007960223
0,1,1,1,10900,0,1,0,0,24,20.174241001832
0,0,1,0,82400,3,0,0,1,18,46.0651712251241
0,1,0,1,13200,1,1,0,0,12,15.0665191733194
0,0,1,1,57800,0,0,1,0,24,33.8969025133566
1,0,0,0,52200,1,0,1,0,12,25.8650343127551
0,0,1,0,64600,2,0,0,1,24,54.1756402823261
0,0,0,1,43100,0,0,0,1,24,38
1,0,0,0,40100,0,0,1,0,12,37.2021504754766
1,0,1,0,84500,0,0,0,1,12,39.4588393138977
1,0,1,0,34500,0,0,1,0,12,28.3196045170126
0,1,0,0,61000,1,0,0,1,18,40.137264480779
1,0,0,0,79300,0,0,0,1,12,45.2437841034545
0,0,1,1,44500,0,0,1,0,24,34.2782730020052
0,1,1,0,39700,0,0,1,0,18,31.7962261911693
1,0,0,1,30300,0,1,0,0,18,32.5883414736007
0,1,0,1,20100,1,1,0,0,12,16.4620776331543
1,0,1,0,86500,0,0,0,0,24,51.8652099195598
1,0,0,1,42500,0,0,1,0,24,30.2985148150862
0,0,1,0,102300,0,0,0,0,24,49.376107582514
0,0,0,1,52600,2,0,1,0,12,36.1524549650504
0,0,0,1,37800,2,0,0,1,12,34.423828956117
0,1,0,1,20300,2,1,0,0,12,13.4164078649987
0,0,1,0,71600,1,0,0,1,12,34.6121365997536
0,1,1,0,54500,1,0,1,0,18,31.6385840391128
0,0,1,1,54700,0,0,1,0,24,36.8103246386119
0,0,1,1,58600,2,0,0,1,6,31.4483703870328
0,0,1,1,53800,0,0,0,0,12,42.4617474911243
0,0,0,0,131500,3,0,0,1,6,53.2916503778969
0,0,1,1,52200,0,0,0,0,24,43.692104549907
0,1,1,0,37200,1,1,0,0,6,15.7162336455017
0,1,1,1,22900,1,0,0,1,12,28.5306852353742
0,1,1,0,55500,3,1,0,0,12,14.6969384566991
0,1,0,1,12800,1,0,0,1,24,19.1049731745428
0,1,0,1,17600,2,1,0,0,18,12.7671453348037
1,0,0,1,28300,0,0,1,0,24,30.5450486986025
1,0,1,1,41900,0,0,1,0,6,25.5734237050888
0,1,0,1,14100,3,0,0,1,6,12.369316876853
0,0,1,1,52100,0,0,0,1,12,40.8411557133243
0,0,1,1,38700,1,0,1,0,18,31.7647603485372
0,0,0,1,44100,1,0,1,0,18,40.7308237088326
0,0,1,0,79200,1,0,0,0,6,43.6463056855904
0,1,0,1,22600,3,0,0,1,6,22.8254244210267
0,0,1,1,55100,2,0,0,1,6,28.7402157263998
1,0,0,0,70400,0,0,0,0,18,51.0881590977792
0,0,1,0,107300,2,0,1,0,24,34.554305086342
0,0,0,0,66500,1,0,0,1,24,34.3656805548792
0,1,1,1,10200,0,0,0,1,24,19.0262975904404
0,1,0,1,41000,1,0,1,0,12,27.712812921102
0,0,0,1,26200,1,1,0,0,12,19.5192212959431
0,0,1,0,72200,3,0,1,0,18,42.5558456619064
0,0,1,1,36700,1,0,1,0,24,34.8998567332303
1,0,1,0,74500,0,0,0,1,18,37.589892258425
0,0,0,1,60200,1,0,0,1,12,41.8090899207337
1,0,1,1,34500,0,0,1,0,24,25.2784493195291
1,0,0,0,83700,0,0,0,0,18,39.7743636027027
0,1,1,1,14800,1,0,0,1,12,19.3907194296653
0,0,1,0,106400,0,0,0,1,12,41.9165838302694
0,1,0,0,42000,3,1,0,0,6,10.2469507659596
0,0,1,0,118800,0,0,0,0,12,51.2932744129286
0,1,0,1,21900,2,1,0,0,24,22.0454076850486
0,0,1,1,39500,1,0,0,1,6,20.2977831301844
0,0,1,1,45900,0,0,1,0,12,26.7581763205193
0,1,0,0,37100,2,1,0,0,24,25.5538646783613
0,0,0,1,28200,1,1,0,0,6,14.9666295470958
0,0,1,0,74600,2,0,1,0,18,26.5518360947035
0,0,1,0,122700,1,0,0,1,18,70.5974503788912
0,1,0,1,14200,2,1,0,0,18,14.0356688476182
0,0,1,0,75500,0,0,0,1,18,49.4974746830583
0,0,1,1,62900,0,0,0,1,24,50.60632371552
0,1,1,1,19400,0,1,0,0,6,23.7276210354093
0,0,0,1,46600,0,0,0,1,12,23.3666428910958
0,0,1,0,79700,1,0,0,0,24,58.1721582889959
0,0,1,1,45900,2,1,0,0,12,20.3960780543711
1,0,0,0,42800,0,0,1,0,6,26.1725046566048
1,0,1,0,65500,0,0,0,0,24,43.9431450854397
1,0,0,1,33600,0,0,1,0,12,23.9374184071716
0,0,0,1,55600,1,0,0,0,18,39.4081209904761
0,1,0,1,24000,2,0,0,1,6,19.0262975904404
0,1,1,1,25700,0,0,1,0,18,30.1164406927512
1,0,0,0,21500,0,1,0,0,18,21.095023109729
1,0,0,0,68600,0,0,0,0,18,36.6333181680284
0,1,0,1,23100,2,1,0,0,12,21.3775583264319
0,0,0,0,53300,0,0,1,0,24,39.9749921826134
1,0,0,0,112800,0,0,0,0,12,43.139309220246
1,0,1,0,124900,0,0,0,0,18,64.1014820421494
0,0,0,1,72200,0,0,0,1,18,57.2538208331985
0,0,1,1,35100,1,1,0,0,6,20.5182845286832
1,0,0,1,14900,0,0,0,1,12,16.583123951777
0,0,1,1,72000,0,0,0,0,12,38.405728739343
0,0,1,0,82400,0,0,0,0,18,42.1781934179263
0,1,1,0,41600,3,0,0,1,24,40.4227658628155
0,0,0,0,68500,2,0,0,1,12,38.7298334620742
0,1,1,0,62200,0,0,0,0,24,36.7151195013716
1,0,0,1,35900,0,0,0,1,12,31.0161248385416
0,1,1,1,14100,0,1,0,0,12,18.1107702762748
0,1,0,0,36500,1,0,0,1,18,27.3313007374329
0,0,0,0,86400,1,0,0,0,12,41.3884041731498
1,0,0,0,39500,0,0,1,0,12,31.7175030543074
1,0,1,0,85300,0,0,0,1,12,50.2294734194974
1,0,0,0,110700,0,0,0,0,12,49.5782210249622
0,1,1,1,17700,0,1,0,0,18,27.2396769437525
0,1,0,0,33200,1,0,0,1,24,40.4845649599943
0,0,0,1,53800,0,0,1,0,12,29.0344622819159
1,0,1,1,44400,0,0,1,0,18,29.7657521322744
0,0,0,0,135700,1,0,0,0,24,52.4022900262956
0,1,0,1,20700,1,1,0,0,12,23.4520787991171
0,0,1,0,83500,2,0,0,0,24,45.8039299623951
0,0,0,0,84200,2,0,1,0,24,30.886890422961
0,0,0,0,79900,1,0,1,0,12,32.2645316098034
1,0,0,1,19700,0,1,0,0,6,23.1300670124408
0,0,0,1,35300,0,0,0,1,18,37
1,0,1,0,52000,0,0,0,0,18,50.4479930225178
0,1,1,1,21300,1,0,0,1,12,18.1383571472171
0,0,1,1,63700,0,0,0,1,6,36.7559518989782
1,0,0,0,25900,0,1,0,0,18,24.1246761636296
0,0,1,0,65800,2,0,1,0,18,24.0416305603426
1,0,0,1,11000,0,0,0,1,24,13.9642400437689
1,0,0,0,65900,0,0,0,0,12,27.8747197295327
0,0,0,0,108100,1,0,0,0,12,33.6600653594137
0,0,1,0,107300,2,0,1,0,18,39.5727178748188
0,0,0,0,79500,0,0,0,0,12,40.6324993078201
0,0,0,0,95900,0,0,0,1,24,56.2849891178812
0,0,1,1,45200,1,0,1,0,18,26.4386081328046
0,0,1,0,98500,0,0,0,0,18,45.0998891351187
1,0,0,0,96200,0,0,0,0,12,38.1706693679846
0,1,1,1,17900,0,0,0,1,18,19.8746069143518
0,0,1,0,42700,0,0,1,0,6,23.259406699226
0,0,1,1,49700,0,0,0,0,24,53.3291665038935
0,0,0,1,43000,3,1,0,0,24,15
0,1,0,1,15500,1,1,0,0,6,14.4913767461894
0,1,1,1,13000,3,1,0,0,6,6.557438524302
0,0,0,1,27200,3,1,0,0,24,15.5884572681199
1,0,0,0,26700,0,1,0,0,24,33.466401061363
1,0,1,1,61000,0,0,0,0,6,31.224989991992
0,0,0,0,76600,3,0,0,1,24,53.8887743412299
0,0,1,0,117500,2,0,1,0,12,30.4466746952767
1,0,1,0,90600,0,0,0,0,24,56.276105053566
0,1,0,1,12600,0,1,0,0,6,15.52417469626
1,0,0,1,12700,2,1,0,0,6,8.06225774829855
0,0,0,0,77600,3,0,1,0,12,29.2916370317536
0,0,0,0,92400,1,0,0,1,6,46.8081189538738
1,0,0,0,71800,0,0,0,0,24,44.1134900002256
0,0,1,0,95800,3,0,0,1,12,50.8035431835222
0,1,0,1,32600,3,1,0,0,12,13.114877048604
0,0,1,0,74500,2,0,1,0,12,28.7054001888146
1,0,0,1,29200,0,1,0,0,12,23.5796522451032
0,1,0,1,12900,1,1,0,0,6,12.9228479833201
0,0,1,0,117700,1,0,0,0,12,45.8693797647189
0,0,0,0,64100,1,0,1,0,18,36.4965751817893
0,0,0,1,46500,1,0,1,0,24,28.7923600977759
0,1,0,1,12400,1,0,0,1,12,15.1327459504216
0,0,1,0,130600,0,0,0,0,18,58.6685605754905
0,0,1,0,74400,0,0,0,0,6,43.5086198356142
1,0,0,1,40600,2,0,1,0,6,26.2678510731274
0,1,0,0,54200,1,0,1,0,6,22.0454076850486
0,0,1,1,65400,1,0,0,0,12,47.8539444560216
0,0,1,1,49100,0,0,0,1,6,30.5614135798723
0,1,0,1,10600,2,0,0,1,24,22.7376340018041
0,1,0,0,76400,0,0,0,1,12,47.0744091837593
0,0,0,0,93700,1,0,0,0,24,39
0,0,1,1,49000,0,0,0,0,18,39.0256326021757
0,0,0,0,96500,1,0,0,0,18,36.9323706252388
0,0,1,1,55600,0,0,0,1,12,30.854497241083
0,0,1,0,99600,1,0,0,0,6,29.5127091267474
0,0,0,0,79900,3,1,0,0,12,17.1755640373177
1,0,0,0,50500,0,0,1,0,12,25.3377189186399
1,0,0,1,16300,0,1,0,0,6,17.8044938147649
1,0,0,0,49200,0,0,1,0,12,32.832910318764
0,0,1,1,48100,2,0,1,0,18,31
0,0,1,1,61300,2,0,0,0,24,35.2278299076171
0,0,0,0,72600,1,0,0,1,18,44.7101778122163
0,1,1,1,19500,0,0,0,1,24,23.895606290697
0,1,0,1,17200,1,0,0,1,12,18.1383571472171
0,0,1,1,51100,0,0,0,0,24,44.5421149026402
0,0,1,1,76800,1,0,1,0,18,32.5729949498047
0,0,1,1,60200,0,0,0,0,12,44.2153819388683
0,0,1,1,59100,2,1,0,0,18,24.0831891575846
1,0,0,1,32500,0,0,1,0,24,29.7153159162073
0,0,0,1,49500,2,0,1,0,12,34.5687720348872
0,0,1,0,109600,1,0,0,0,12,48.1456124688429
0,1,0,0,47300,0,0,0,1,6,25.298221281347
0,0,1,0,93000,1,0,0,0,24,51.4198405287298
0,1,0,1,32000,1,0,0,1,24,36.3318042491699
0,1,0,1,44700,1,0,1,0,6,22.4053565024081
1,0,0,0,69400,0,0,0,0,18,49.1833305094317
0,0,1,0,64300,2,0,1,0,6,25.7099202643649
0,0,1,1,75400,0,0,0,0,24,52.182372502599
0,0,1,0,96100,0,0,0,0,6,39.8497176903426
1,0,0,0,118000,3,1,0,0,12,24.1039415863879
0,1,1,0,69700,1,0,1,0,12,37.841775856849
1,0,1,1,59300,0,0,1,0,12,30.4795013082563
0,0,0,0,88600,3,1,0,0,6,14.560219778561
0,0,1,0,102600,0,0,0,0,18,50.4579032461715
0,0,1,1,43700,0,0,0,1,18,36.6606055596467
1,0,0,0,22400,0,0,0,1,24,30.7733651068582
0,0,1,0,70500,1,0,0,1,24,46.3141447076376
0,0,1,0,54200,1,0,1,0,6,27.5136329843952
0,0,0,1,25300,1,0,0,1,6,21.2367605815953
1,0,1,0,116100,1,0,0,0,24,54.5435605731786
0,1,0,1,15900,0,0,0,1,18,20.1494416796099
0,0,0,1,46600,3,1,0,0,6,12.5698050899765
0,1,1,1,23200,0,0,0,1,24,23.1084400165827
0,1,1,1,18200,0,1,0,0,12,20.0249843945008
0,0,0,0,82700,1,0,0,0,18,41.8688428309166
0,1,0,1,17000,0,1,0,0,18,25.6709953059869
0,0,1,0,83000,2,0,1,0,6,26.944387170615
0,1,0,0,42400,1,0,0,1,18,34.1467421579277
1,0,1,1,40200,2,0,0,1,18,34.5976877840124
0,1,0,1,17300,0,1,0,0,6,20.2731349327133
0,0,0,0,109800,1,0,0,0,24,47.5184174820669
0,0,0,1,64400,3,0,1,0,24,43.7378554572581
0,1,0,1,27600,1,0,1,0,24,29.8831055949679
0,1,0,1,25100,1,0,0,1,6,20.5182845286832
0,0,0,1,46300,3,0,0,1,6,33.734255586866
1,0,0,0,74900,0,0,0,1,12,42.4735211631906
0,0,1,1,67900,0,0,0,0,18,37.6563407675255
0,0,1,0,88500,2,0,1,0,24,33.2264954516723
0,0,1,0,99200,3,0,0,1,12,52.8772162656091
1,0,0,0,62800,0,0,0,0,18,37.4566416006561
1,0,1,0,76900,2,0,0,0,24,56.8330889535313
0,0,1,0,84100,3,0,0,1,6,36.7695526217005
1,0,0,0,77600,0,0,0,0,18,44.7660585711988
0,1,0,1,19100,1,1,0,0,18,20.0748598998847
1,0,0,0,128700,0,0,0,0,24,63.2060123722419
0,1,0,1,14400,1,1,0,0,6,19.7484176581315
1,0,1,0,49600,0,0,1,0,6,27.7488738510232
0,0,0,1,47000,0,0,0,1,6,31.0322412983658
0,1,0,0,36600,0,0,1,0,6,28.8617393793236
0,0,0,1,65800,1,0,1,0,12,29.4788059459674
0,0,1,0,52800,2,0,1,0,12,30.4302481094059
0,0,1,0,96500,0,0,0,0,24,61.4817045957576
0,0,0,0,63500,1,0,1,0,18,31.984371183439
0,0,1,1,60400,1,0,1,0,6,28.1247222208505
0,0,1,0,102700,3,0,0,1,12,38.379682124791
0,0,1,0,100100,2,0,0,1,6,39.9624824053762
0,0,1,1,54400,0,0,1,0,6,33.9116499156263
0,0,1,0,105600,3,1,0,0,6,17.4355957741627
1,0,0,0,57900,0,0,0,0,12,41.146081222882
0,1,1,1,31500,3,1,0,0,18,16.4012194668567
0,0,0,0,60100,1,0,0,0,18,37.8153408023781
0,0,1,0,87400,2,0,0,1,18,52.2398315464359
0,0,1,0,117900,0,0,0,0,6,41.9523539268061
0,0,1,1,48800,1,0,1,0,24,35.6510869399518
0,0,0,0,67900,3,1,0,0,12,18.8679622641132
1,0,1,0,66200,0,0,0,1,6,32
0,0,1,0,88000,2,0,1,0,6,22.8910462845192
0,0,1,0,94200,1,0,0,0,18,34.7994252826106
0,1,0,1,29200,3,0,0,1,6,25.219040425837
0,1,1,1,15300,0,1,0,0,24,25.3968501984006
0,1,1,1,17500,0,1,0,0,18,21.7255609824004
0,0,1,1,40200,0,0,0,0,18,40.4227658628155
0,1,1,1,28400,3,1,0,0,18,13.490737563232
0,0,1,0,72200,3,0,1,0,18,32.2800247831379
0,0,0,1,55200,0,0,0,0,18,41.4004830889689
0,0,0,1,44600,0,0,1,0,18,31.0805405358401
0,0,1,1,58400,0,0,1,0,12,28.7923600977759
0,0,0,1,67800,1,0,1,0,6,26.0768096208106
1,0,0,1,25500,0,1,0,0,18,25.219040425837
0,1,0,1,20000,3,1,0,0,6,13.490737563232
0,0,1,1,52600,1,0,0,1,18,42.1070065428546
0,0,1,0,97600,1,0,0,1,12,53.8702144046225
1,0,1,0,23400,0,1,0,0,6,18.6547581061776
0,0,0,0,102500,3,1,0,0,12,23.4093998214393
0,0,0,0,52300,1,0,0,0,18,45.0998891351187
0,0,1,1,65400,0,0,0,0,12,47.9165942028438
0,1,1,1,19600,0,1,0,0,12,19.8746069143518
1,0,1,0,37000,0,0,1,0,12,29.1547594742265
0,1,0,1,13200,0,0,0,1,18,22.6274169979695
0,0,1,1,63800,1,0,1,0,24,40.2740611312045
1,0,0,1,22600,0,0,0,1,12,29.4108823397055
1,0,0,1,37300,0,0,1,0,6,25.9422435421457
0,1,1,1,14900,1,0,0,1,12,20.5426385841741
0,0,0,1,36700,1,0,0,1,6,23
0,0,1,1,63200,0,0,0,0,24,43.9545219516718
1,0,1,0,77300,0,0,0,0,18,43.0464865000618
0,0,1,1,43100,1,0,0,1,12,34.9857113690718
0,0,0,1,44800,1,0,1,0,6,25.8069758011279
1,0,0,0,70900,0,0,0,0,24,41.0487515035476
0,0,0,1,38200,0,0,1,0,24,38.4187454245971
0,1,0,1,18400,1,1,0,0,6,17.8605710994918
0,0,0,1,40700,3,1,0,0,18,15.2315462117278
1,0,1,1,71300,0,0,0,0,18,39.2810386828047
0,0,0,1,36400,2,1,0,0,18,22.494443758404
0,1,1,1,15400,0,1,0,0,6,13.114877048604
0,0,1,1,39100,1,0,1,0,12,31.6385840391128
0,0,1,1,43800,0,0,1,0,12,24.6170672501823
0,1,1,1,25300,0,0,1,0,12,24.3104915622864
1,0,1,0,71800,0,0,0,0,12,37.2692903071684
0,0,1,1,73200,0,0,0,0,24,46.6583325891528
0,0,1,0,79000,1,0,0,0,18,47.73887304912
0,0,0,0,75200,1,0,0,1,24,51.9807656734681
0,1,0,1,25300,3,0,0,1,6,22.5831795812724
1,0,0,0,43600,0,0,1,0,12,32.3573793747269
0,0,1,0,83600,2,0,1,0,6,23.1948270094864
0,0,0,1,56200,0,0,0,0,18,39.319206502675
0,1,1,0,45500,0,0,1,0,6,27.459060435492
0,0,1,0,99300,1,0,0,0,12,38.7814388593306
0,0,1,0,108000,3,0,0,0,24,43
0,0,0,0,84900,1,0,0,0,24,55.4256258422041
0,0,1,0,93000,3,0,0,0,6,32.3419232575925
0,0,0,0,82000,0,0,0,0,18,42.4264068711929
1,0,0,1,33000,3,0,0,1,6,26.4575131106459
0,0,0,1,36900,2,1,0,0,24,22.6715680975093
0,0,0,1,33200,1,0,0,1,6,17.8885438199983
0,1,1,0,49300,0,0,0,1,24,41.1339276024063
1,0,1,0,66200,0,0,0,0,24,45.3541618817943
0,0,1,0,96800,2,0,0,0,18,47.9478883789474
1,0,1,1,63200,0,0,0,0,24,38.8200978875633
0,0,0,1,32100,2,1,0,0,24,20.1246117974981
0,0,1,0,102700,1,0,0,0,18,61.5223536610881
0,0,1,0,123800,2,0,0,1,18,59.472682804797
1,0,0,1,11700,0,1,0,0,18,23.2379000772445
0,0,1,0,101700,1,0,0,1,6,30.6757233003559
0,0,0,0,99200,0,0,0,0,24,74.1822081094921
0,1,1,1,17600,0,0,0,1,6,16.5227116418583
0,1,0,1,19400,1,0,0,1,18,19.5959179422654
0,0,1,1,40500,1,0,0,1,18,32.7566787083184
1,0,1,1,44800,0,0,1,0,24,37.6430604494374
0,0,1,0,79000,2,0,1,0,18,25.9036676939772
0,1,1,0,53600,1,0,1,0,24,31.1929479209644
0,1,1,0,46300,0,0,0,1,24,41.0121933088198
0,0,1,0,86500,1,0,0,0,18,52.4690384893796
1,0,0,1,17800,0,1,0,0,6,16
