"AGE","CLITIME","INCOME","RESIDTIME","REGION_North","REGION_South","REGION_West","CABLETV_Yes","AUTODEBT_Yes","DEBTINC","CHURN"
51,26,5320,7.3,1,0,0,1,0,0.102067669172932,"No"
36,16,5620,4.5,1,0,0,1,0,0.0857651245551601,"No"
35,15,4860,4.8,1,0,0,0,0,0.12201646090535,"No"
40,22,6590,6.2,0,0,0,1,0,0.179666160849772,"No"
52,30,6370,2.2,1,0,0,0,0,0.0995290423861852,"No"
38,16,6120,5.6,0,0,1,1,0,0.0238562091503268,"No"
27,18,5600,4.8,0,0,1,0,1,0.227321428571429,"No"
45,29,10080,4.1,1,0,0,1,0,0.0711309523809524,"No"
35,12,4720,6.9,1,0,0,0,0,0.0944915254237288,"No"
30,21,5840,7.2,1,0,0,1,1,0.0315068493150685,"No"
44,34,13550,4.9,1,0,0,1,1,0.100885608856089,"No"
30,23,5750,8.1,0,1,0,0,0,0.148869565217391,"No"
39,20,6870,6.1,0,0,1,0,1,0.0861717612809316,"No"
39,21,6880,2.8,1,0,0,0,0,0.0861918604651163,"No"
45,18,7160,8,1,0,0,1,1,0.039804469273743,"No"
29,14,4980,5.9,1,0,0,0,1,0.0624497991967871,"No"
40,25,8800,0.9,1,0,0,0,1,0.145454545454545,"No"
31,16,5040,2.3,0,0,0,1,0,0.102579365079365,"No"
33,25,6440,7.3,1,0,0,1,1,0.133695652173913,"No"
33,24,6390,4.3,0,0,0,1,1,0.0323943661971831,"No"
39,29,10800,4.6,1,0,0,0,0,0.0635185185185185,"No"
29,13,4230,4.8,0,1,0,1,0,0.0250591016548463,"No"
49,27,7510,6.6,1,0,0,0,1,0.0366178428761651,"No"
46,28,9420,5.6,0,0,0,0,1,0.0892781316348195,"No"
44,23,6400,6.2,0,1,0,1,0,0.0209375,"No"
54,22,6020,6.5,0,0,1,1,0,0.0343853820598007,"No"
31,23,6050,4.9,1,0,0,1,1,0.0241322314049587,"No"
26,13,6060,5,1,0,0,1,0,0.117986798679868,"No"
54,16,5710,3.8,0,0,1,0,1,0.0211908931698774,"No"
47,40,18770,5.6,0,1,0,1,0,0.119286094832179,"No"
49,39,17330,4.1,0,0,0,1,0,0.0243508366993653,"No"
44,29,9940,4.5,1,0,0,1,1,0.069215291750503,"No"
32,15,5270,5.7,1,0,0,1,0,0.110815939278937,"No"
51,12,4850,4.6,0,0,1,1,1,0.014639175257732,"No"
29,14,6150,2,0,0,0,1,0,0.16,"No"
34,13,6640,5.9,0,0,1,0,1,0.0344879518072289,"No"
45,23,6950,7,1,0,0,1,0,0.111223021582734,"No"
29,12,4330,2,1,0,0,1,0,0.169284064665127,"No"
36,15,4990,7,0,0,0,1,1,0.24248496993988,"No"
32,15,5410,5.8,0,0,1,1,0,0.0829944547134935,"No"
38,31,9880,7.9,0,0,0,1,1,0.104554655870445,"No"
40,23,7000,4,1,0,0,1,1,0.0494285714285714,"No"
38,12,4690,7.6,0,0,1,0,1,0.00852878464818763,"No"
44,25,5910,6.8,0,0,0,0,0,0.0598984771573604,"No"
47,12,5440,5.2,1,0,0,0,0,0.123713235294118,"No"
41,17,5970,6,1,0,0,0,1,0.0636515912897822,"No"
47,24,5720,3.2,0,0,0,0,0,0.0874125874125874,"No"
37,28,7520,7.2,0,0,1,0,0,0.18311170212766,"No"
37,15,5800,5.6,0,1,0,1,0,0.0975862068965517,"No"
32,25,8070,5.4,0,0,0,1,1,0.080545229244114,"No"
35,23,6280,3.4,0,0,0,1,0,0.120700636942675,"No"
42,16,6740,7.5,0,0,0,0,0,0.138724035608309,"No"
33,13,4890,4.5,1,0,0,0,0,0.0106339468302658,"No"
46,29,10480,1.9,1,0,0,1,1,0.0689885496183206,"No"
40,27,6410,3.2,0,0,0,1,0,0.0948517940717629,"No"
56,22,10250,4.3,1,0,0,1,0,0.118536585365854,"No"
35,14,15870,5.1,1,0,0,1,0,0.125078764965343,"No"
53,26,6820,4.1,1,0,0,0,0,0.129325513196481,"No"
28,18,6030,6.9,0,0,0,1,0,0.109950248756219,"No"
37,21,6400,0.7,1,0,0,0,1,0.19203125,"No"
36,19,5360,5.6,1,0,0,0,1,0.0766791044776119,"No"
35,20,5020,1.9,0,0,0,1,0,0.0675298804780877,"No"
29,16,6330,6.8,1,0,0,0,0,0.137282780410742,"No"
34,24,6870,3.8,0,0,1,1,0,0.0774381368267831,"No"
39,19,5810,5.4,0,1,0,0,1,0.213080895008606,"No"
39,25,6120,1.9,0,0,0,1,1,0.0746732026143791,"No"
44,13,5470,5.6,0,0,1,1,1,0.144972577696526,"No"
28,21,5300,2.4,0,0,1,1,0,0.07,"No"
40,21,6010,5.4,0,0,0,1,0,0.0565723793677205,"No"
41,31,9270,2.9,0,0,1,0,0,0.0961165048543689,"No"
51,40,11880,4.6,0,0,0,1,0,0.155387205387205,"No"
35,20,5420,4.1,0,0,0,1,1,0.175645756457565,"No"
46,18,6400,8.5,0,1,0,0,1,0.0365625,"No"
47,14,6400,6.5,0,0,1,0,0,0.07390625,"No"
26,19,6110,7.7,0,0,0,1,1,0.0502454991816694,"No"
30,20,6240,5.6,0,1,0,1,0,0.0559294871794872,"No"
35,15,5680,4.6,0,0,1,1,0,0.178697183098592,"No"
27,14,5550,0.5,0,1,0,1,0,0.157297297297297,"No"
27,14,5600,3.8,0,0,1,1,1,0.100892857142857,"No"
41,25,5780,4.8,0,0,0,1,1,0.0745674740484429,"No"
36,29,5810,4.6,1,0,0,0,0,0.166953528399312,"No"
32,25,8170,3.5,1,0,0,0,0,0.0635250917992656,"No"
27,12,5790,7,1,0,0,1,0,0.0307426597582038,"No"
33,16,5030,2.2,0,0,0,1,1,0.0658051689860835,"No"
55,31,9970,4.2,0,0,1,1,0,0.0625877632898696,"No"
41,14,5180,8.1,0,0,0,1,1,0.117760617760618,"No"
41,23,9840,3.4,0,0,0,1,0,0.0133130081300813,"No"
42,30,7860,7.1,1,0,0,1,1,0.236513994910941,"No"
32,13,5350,3.1,0,0,0,0,0,0.126355140186916,"No"
46,13,6960,5.6,1,0,0,1,1,0.0359195402298851,"No"
42,19,5160,6.8,0,0,1,1,0,0.0767441860465116,"No"
41,16,4950,5.8,0,0,1,0,0,0.0723232323232323,"No"
40,15,5220,8.7,1,0,0,1,0,0.039272030651341,"No"
27,14,5300,6.4,1,0,0,1,1,0.170943396226415,"No"
39,25,8710,7.2,0,0,1,0,0,0.0690011481056257,"No"
44,29,11820,5,0,0,0,1,1,0.0804568527918782,"No"
44,23,10110,7.4,1,0,0,1,1,0.0607319485657765,"No"
42,29,8160,5.2,0,0,0,1,1,0.0699754901960784,"No"
48,18,8090,2.9,0,0,0,1,0,0.16168108776267,"No"
49,19,6120,8.1,0,0,0,1,1,0.0316993464052288,"No"
30,23,6390,4.4,0,0,1,1,0,0.0317683881064163,"No"
38,22,5000,4.2,0,0,0,1,0,0.1302,"No"
44,28,7080,5.8,1,0,0,1,0,0.187005649717514,"No"
37,12,5990,6.7,0,0,1,1,0,0.0799666110183639,"No"
43,18,5600,5.4,0,0,0,0,0,0.12,"No"
38,21,6630,5.9,1,0,0,1,0,0.17315233785822,"No"
40,25,7990,4.6,1,0,0,0,1,0.0424280350438048,"No"
43,24,11000,6.4,1,0,0,1,1,0.0758181818181818,"No"
54,15,5700,4.4,0,0,0,1,0,0.0257894736842105,"No"
47,38,15170,8.7,1,0,0,1,0,0.0652603823335531,"No"
28,15,5160,3.8,0,0,0,0,0,0.204263565891473,"No"
33,24,6140,4.4,0,0,1,1,0,0.147231270358306,"No"
29,13,5520,7.8,0,1,0,1,1,0.0992753623188406,"No"
40,31,10890,6.8,1,0,0,1,0,0.0500459136822773,"No"
56,36,11270,1.6,0,0,0,1,0,0.134960070984916,"No"
50,37,8140,8,1,0,0,1,0,0.0183046683046683,"No"
61,26,19820,2.1,0,1,0,1,1,0.0855701311806256,"No"
46,26,9620,3.5,0,1,0,1,1,0.103742203742204,"No"
44,22,8440,3.5,1,0,0,1,0,0.0209715639810427,"No"
41,22,6820,7.2,1,0,0,0,1,0.0865102639296188,"No"
41,23,7060,10.4,1,0,0,1,1,0.0652974504249292,"No"
47,18,6870,7.3,1,0,0,1,1,0.0491994177583697,"No"
35,23,5520,5.9,0,1,0,1,0,0.0403985507246377,"No"
28,17,4910,2.5,0,1,0,1,0,0.127087576374745,"No"
31,21,5520,4,0,0,0,0,1,0.0353260869565217,"No"
38,30,13220,5.8,1,0,0,1,0,0.11089258698941,"No"
34,23,6420,1,1,0,0,0,0,0.0478193146417445,"No"
49,20,12050,1.9,1,0,0,0,1,0.0175933609958506,"No"
38,26,6580,6.4,1,0,0,1,0,0.0358662613981763,"No"
32,13,6900,3.7,0,1,0,1,1,0.19536231884058,"No"
46,28,10400,5.4,0,0,0,0,0,0.0559615384615385,"No"
34,18,6590,4.4,0,0,0,1,0,0.130955993930197,"No"
31,15,6660,4.5,0,1,0,1,1,0.0663663663663664,"No"
46,25,6840,3.4,0,0,0,0,0,0.0277777777777778,"No"
48,20,12980,2.7,0,0,1,0,0,0.206240369799692,"No"
44,27,7910,3,1,0,0,0,0,0.0230088495575221,"No"
35,13,5770,6.7,0,0,0,1,1,0.0379549393414211,"No"
43,36,13160,4.9,0,1,0,1,0,0.128647416413374,"No"
52,25,11870,3.3,0,0,0,1,0,0.0477674810446504,"No"
23,16,4950,4.8,0,0,1,1,1,0.0616161616161616,"No"
35,22,5860,4.6,0,0,0,0,1,0.0383959044368601,"No"
29,21,7190,7.4,1,0,0,1,0,0.0443671766342142,"No"
33,19,7000,5.6,1,0,0,1,0,0.0982857142857143,"No"
47,26,7060,6.4,0,0,0,1,1,0.0206798866855524,"No"
50,21,5340,2.6,0,0,0,1,0,0.342322097378277,"No"
34,13,5520,7.1,0,0,1,1,1,0.103260869565217,"No"
45,22,7060,0.7,0,0,0,1,1,0.0361189801699717,"No"
33,15,5660,5.4,0,1,0,1,1,0.0598939929328622,"No"
46,12,6870,5.1,0,0,1,0,0,0.0179039301310044,"No"
33,20,10900,9.5,0,0,0,1,1,0.0627522935779816,"No"
44,27,15960,5,0,0,0,1,0,0.0893483709273183,"No"
55,30,6500,2.5,1,0,0,0,1,0.022,"No"
35,17,8320,3.7,0,0,0,1,0,0.0721153846153846,"No"
39,20,6130,5.7,0,1,0,0,1,0.0768352365415987,"No"
44,14,5220,4.6,1,0,0,0,0,0.0777777777777778,"No"
37,14,4580,5.7,0,0,0,0,1,0.17117903930131,"No"
43,22,5460,7,1,0,0,1,1,0.0633699633699634,"No"
35,25,6760,4.8,1,0,0,1,1,0.17914201183432,"No"
29,17,4990,4,0,0,1,1,0,0.0907815631262525,"No"
34,19,5080,4.4,0,0,1,0,0,0.123622047244094,"No"
32,15,4620,6,1,0,0,0,0,0.05,"No"
33,23,6770,2.1,0,0,1,1,0,0.0189069423929099,"No"
37,25,6460,3.8,0,0,1,1,0,0.163312693498452,"No"
34,13,4890,5.4,0,0,1,1,0,0.146421267893661,"No"
43,17,8550,1.7,1,0,0,1,0,0.104912280701754,"No"
28,19,5250,5.5,0,0,1,0,0,0.15047619047619,"No"
50,26,9110,8.4,1,0,0,0,0,0.260812294182217,"No"
35,14,6510,6.3,0,0,1,1,0,0.00737327188940092,"No"
38,25,10020,2.8,1,0,0,1,0,0.0356287425149701,"No"
37,12,7500,7.7,1,0,0,1,1,0.008,"No"
46,30,14530,5.4,0,0,1,0,0,0.0204404679972471,"No"
36,27,9190,4.9,1,0,0,0,0,0.129379760609358,"No"
37,30,9610,6,1,0,0,1,0,0.123933402705515,"No"
39,20,6740,5.1,1,0,0,1,0,0.116765578635015,"No"
35,19,5130,1.5,0,0,0,1,0,0.106432748538012,"No"
39,24,8020,9.5,0,0,1,1,0,0.0751870324189526,"No"
42,29,7090,4.2,0,0,1,1,0,0.058392101551481,"No"
35,23,6770,3.9,1,0,0,1,1,0.0259970457902511,"No"
37,18,5720,5.9,0,0,0,1,0,0.0746503496503497,"No"
45,17,5290,4.8,0,0,1,1,0,0.0266540642722117,"No"
50,31,10860,5.9,0,0,1,1,0,0.0858195211786372,"No"
51,36,10490,5,0,0,1,1,1,0.164728312678742,"No"
38,25,6970,8.2,1,0,0,1,0,0.0486370157819225,"No"
36,24,9610,3.7,0,0,1,1,0,0.0843912591050989,"No"
34,21,5540,5.6,0,0,1,0,0,0.025812274368231,"No"
37,18,5400,7.1,0,0,1,1,0,0.116111111111111,"No"
28,12,5620,2.3,0,1,0,1,0,0.120996441281139,"No"
52,33,19780,8.2,0,1,0,0,1,0.0687563195146613,"No"
34,19,5960,4.7,1,0,0,1,1,0.025503355704698,"No"
42,22,6270,4.5,1,0,0,1,1,0.114354066985646,"No"
29,13,5230,7.6,1,0,0,0,1,0.0711281070745698,"No"
29,18,5220,5.3,1,0,0,1,0,0.0850574712643678,"No"
42,13,5390,3,1,0,0,1,1,0.073469387755102,"No"
48,23,7380,4.8,0,0,0,0,1,0.0348238482384824,"No"
44,36,10730,4.7,1,0,0,0,0,0.0806150978564772,"No"
28,15,4990,5.6,0,1,0,1,0,0.133066132264529,"No"
49,18,8090,6.7,1,0,0,1,1,0.0369592088998764,"No"
36,24,9970,4.7,0,0,1,1,1,0.119658976930792,"No"
40,15,7970,3.2,0,1,0,1,1,0.033375156838143,"No"
29,18,5190,2.8,0,1,0,1,0,0.00886319845857418,"No"
29,22,4830,2.5,0,0,0,0,0,0.0977225672877847,"No"
41,17,5590,4.1,1,0,0,0,0,0.0114490161001789,"No"
33,26,5980,2.6,0,0,0,1,0,0.103511705685619,"No"
45,20,6850,7.4,0,0,1,1,0,0.0594160583941606,"No"
33,17,5770,2.4,0,0,1,0,0,0.0331022530329289,"No"
39,26,8790,4,0,0,1,1,1,0.0266211604095563,"No"
44,17,5120,4.5,0,0,0,0,1,0.0263671875,"No"
42,33,16270,3.5,0,1,0,1,0,0.0804548248309773,"No"
31,23,5830,5.3,1,0,0,1,1,0.0728987993138936,"No"
47,13,6820,4.3,1,0,0,0,1,0.0715542521994135,"No"
36,19,16860,9.7,0,0,0,1,0,0.0180901542111507,"No"
44,32,9230,4.9,0,0,1,1,1,0.0284940411700975,"No"
56,49,19390,6.2,0,0,0,1,1,0.21175863847344,"No"
31,19,6000,1.1,0,1,0,1,0,0.113833333333333,"No"
54,38,15870,2,1,0,0,1,0,0.0680529300567108,"No"
37,26,5910,6.8,1,0,0,1,0,0.280372250423012,"No"
30,12,5260,2.1,0,0,0,1,1,0.0825095057034221,"No"
30,18,5860,5.3,1,0,0,0,1,0.0419795221843003,"No"
35,16,7230,7.7,1,0,0,1,0,0.037344398340249,"No"
32,19,5110,5,0,0,1,0,1,0.155772994129159,"No"
38,28,8360,5.2,1,0,0,0,0,0.00753588516746411,"No"
31,19,5300,5.4,0,1,0,1,1,0.0632075471698113,"No"
47,29,13380,7.9,0,0,1,1,0,0.0909566517189836,"No"
42,22,13150,4.4,0,0,1,0,0,0.00577946768060836,"No"
56,38,14030,6.7,1,0,0,1,0,0.130434782608696,"No"
36,24,6700,5.3,0,0,1,1,0,0.0553731343283582,"No"
25,12,4700,8.9,0,0,0,0,1,0.0585106382978723,"No"
27,17,5690,5.2,0,0,0,1,0,0.124428822495606,"No"
32,16,4550,8.5,1,0,0,1,1,0.0481318681318681,"No"
34,13,4560,3.5,0,1,0,1,1,0.0304824561403509,"No"
43,29,10430,4.3,0,0,0,0,1,0.0437200383509108,"No"
39,18,6200,3.5,0,0,0,1,1,0.0454838709677419,"No"
33,23,7530,3.2,1,0,0,0,0,0.0221779548472776,"No"
30,21,6380,2.2,0,1,0,1,1,0.170846394984326,"No"
29,18,5480,6.6,0,0,0,1,1,0.10036496350365,"No"
33,24,7530,6.3,0,0,0,1,1,0.190172642762284,"No"
41,20,5520,4.8,0,0,1,1,0,0.0251811594202899,"No"
40,19,7920,4.2,0,1,0,0,0,0.0246212121212121,"No"
34,15,4620,2.8,1,0,0,0,0,0.116450216450216,"No"
43,12,5610,4.1,0,0,1,0,0,0.0597147950089127,"No"
53,37,37190,5.6,1,0,0,1,0,0.0944877655283678,"No"
38,15,4890,1.5,0,0,0,0,1,0.0519427402862986,"No"
32,20,9390,4.9,1,0,0,1,0,0.0840255591054313,"No"
35,25,8410,3.8,0,0,1,1,1,0.0505350772889417,"No"
31,21,5400,7.4,1,0,0,1,0,0.0285185185185185,"No"
37,18,5500,5.8,0,0,0,1,0,0.166727272727273,"No"
49,20,7280,5,1,0,0,1,0,0.0375,"No"
41,34,8480,3.9,1,0,0,0,0,0.104599056603774,"No"
48,22,7580,4.2,1,0,0,0,0,0.168997361477573,"No"
48,28,10050,8.2,0,0,0,0,0,0.04318407960199,"No"
42,32,7620,3.1,0,0,0,1,0,0.0720472440944882,"No"
48,35,13090,3.3,0,0,0,0,0,0.0376623376623377,"No"
28,20,4820,5.9,0,0,0,1,1,0.0962655601659751,"No"
47,30,9620,6.6,1,0,0,1,1,0.195218295218295,"No"
47,18,5470,4.2,1,0,0,1,0,0.0347349177330896,"No"
43,26,6360,7.2,0,1,0,0,0,0.105503144654088,"No"
29,17,4970,4.8,0,0,1,1,0,0.15513078470825,"No"
41,17,6170,5.5,0,0,0,0,1,0.0521880064829822,"No"
45,31,10570,6.2,0,0,0,1,1,0.023841059602649,"No"
50,24,13390,8.3,1,0,0,0,0,0.0694548170276326,"No"
33,20,5840,1.4,0,0,1,1,1,0.0407534246575342,"No"
24,13,4250,3.4,1,0,0,1,0,0.139294117647059,"No"
42,24,8680,6.2,0,0,1,0,0,0.0383640552995392,"No"
34,19,5500,5,0,0,1,1,0,0.110363636363636,"No"
32,16,5100,2.3,0,0,0,1,0,0.0958823529411765,"No"
43,27,9180,6.1,1,0,0,0,1,0.106318082788671,"No"
43,36,14170,3.9,1,0,0,1,1,0.12773465067043,"No"
30,15,5110,3.8,0,0,1,0,0,0.0448140900195695,"No"
31,16,5880,1,0,0,0,1,0,0.153231292517007,"No"
42,21,8130,6.8,1,0,0,1,0,0.0583025830258303,"No"
42,25,8500,4.2,1,0,0,1,1,0.150588235294118,"No"
35,14,5590,6.7,1,0,0,0,0,0.0364937388193202,"No"
33,12,5400,2.7,0,0,1,1,0,0.116296296296296,"No"
48,21,5550,5,0,0,1,0,0,0.0264864864864865,"No"
56,27,6630,6.7,1,0,0,1,1,0.185972850678733,"No"
44,14,5880,6,0,0,1,0,1,0.0909863945578231,"No"
36,16,7900,4.6,1,0,0,0,1,0.0275949367088608,"No"
32,13,4820,5.7,1,0,0,1,0,0.0323651452282158,"No"
31,17,4710,4.4,0,0,0,1,0,0.0709129511677282,"No"
39,16,5150,5.5,1,0,0,0,0,0.0869902912621359,"No"
59,29,10510,5.3,1,0,0,1,0,0.0729781160799239,"No"
32,19,6570,7.2,1,0,0,1,0,0.121004566210046,"No"
44,18,6130,3.7,0,0,1,1,0,0.120065252854812,"No"
35,20,7680,1.5,1,0,0,0,0,0.0348958333333333,"No"
28,17,5130,7.3,1,0,0,0,0,0.0526315789473684,"No"
33,21,5910,4.7,1,0,0,1,0,0.13248730964467,"No"
43,31,13560,4.1,0,0,0,1,0,0.0592920353982301,"No"
32,15,5670,6.9,1,0,0,1,1,0.062962962962963,"No"
39,17,6530,1.3,1,0,0,0,0,0.276569678407351,"No"
46,34,6930,8.2,0,0,1,1,0,0.0673881673881674,"No"
47,38,11570,2.8,1,0,0,1,1,0.0125324114088159,"No"
55,15,6310,7.8,1,0,0,0,0,0.0576862123613312,"No"
36,28,6730,3.5,1,0,0,1,1,0.062852897473997,"No"
34,24,8880,4.8,0,0,1,1,0,0.0841216216216216,"No"
37,14,5410,5.8,1,0,0,0,0,0.0987060998151571,"No"
28,12,4650,6.1,1,0,0,1,1,0.0853763440860215,"No"
31,23,6650,4.9,0,0,1,0,1,0.0869172932330827,"No"
40,19,8870,5.1,1,0,0,1,0,0.168094701240135,"No"
49,21,5930,4.9,0,0,1,1,1,0.194772344013491,"No"
46,20,6410,3.4,0,1,0,1,0,0.0305772230889236,"No"
27,17,5150,1.2,1,0,0,0,0,0.0407766990291262,"No"
33,25,6590,1.3,0,0,0,1,1,0.0520485584218513,"No"
43,18,5450,1.3,1,0,0,1,1,0.0346788990825688,"No"
40,29,8110,5.8,1,0,0,1,1,0.145992601726264,"No"
41,19,6160,8.6,1,0,0,1,0,0.0576298701298701,"No"
36,20,5360,4.9,0,0,1,1,0,0.066044776119403,"No"
35,22,6480,4.9,0,0,0,0,1,0.0942901234567901,"No"
34,25,6920,1.3,0,0,0,1,1,0.0715317919075144,"No"
40,27,11010,4.7,1,0,0,1,1,0.190099909173479,"No"
40,28,6830,4.1,0,0,0,1,0,0.0364568081991215,"No"
43,19,5250,6.3,1,0,0,1,0,0.0678095238095238,"No"
44,25,12640,4.9,0,0,1,1,0,0.061629746835443,"No"
42,21,7080,6.9,1,0,0,1,0,0.182203389830508,"No"
41,17,5240,6.6,0,1,0,0,1,0.0125954198473282,"No"
37,22,7670,5.3,0,0,0,0,1,0.091264667535854,"No"
53,20,8350,5.1,0,0,0,0,1,0.0841916167664671,"No"
45,20,10860,2.3,0,0,0,1,1,0.0134438305709024,"No"
35,13,4540,4.8,0,0,1,1,1,0.170925110132159,"No"
53,17,6480,5.4,1,0,0,0,1,0.164197530864198,"No"
42,34,7190,7.6,0,0,0,1,1,0.0675938803894298,"No"
42,19,5350,3.6,1,0,0,0,0,0.0697196261682243,"No"
41,27,8740,8.7,0,0,1,1,0,0.05,"No"
40,27,8200,1.7,0,0,1,0,1,0.105,"No"
45,30,7640,4.7,1,0,0,0,1,0.0371727748691099,"No"
32,12,5820,3.9,0,1,0,1,1,0.0436426116838488,"No"
27,12,5760,6.8,1,0,0,1,0,0.0828125,"No"
32,12,6680,4.1,0,0,0,1,0,0.0941616766467066,"No"
38,24,10170,2.5,0,0,0,0,0,0.0242871189773845,"No"
49,19,8230,1.9,1,0,0,1,0,0.0279465370595383,"No"
51,42,16090,2.8,1,0,0,1,0,0.0642635177128651,"No"
36,14,8060,6.5,1,0,0,1,1,0.0796526054590571,"No"
58,14,6240,3.1,0,0,1,1,1,0.0560897435897436,"No"
27,12,4930,6.8,1,0,0,1,0,0.0393509127789047,"No"
46,21,6520,6.6,0,0,1,1,0,0.0904907975460123,"No"
32,22,6800,3.6,0,1,0,1,1,0.101470588235294,"No"
39,14,6650,2.5,0,0,0,0,1,0.141353383458647,"No"
37,13,5310,5.2,0,0,0,0,1,0.0487758945386064,"No"
49,17,5390,5.8,1,0,0,1,0,0.232282003710575,"No"
35,14,7790,4.3,1,0,0,1,0,0.0490372272143774,"No"
37,14,6090,4.5,1,0,0,0,0,0.178653530377668,"No"
40,23,6160,5.2,1,0,0,0,0,0.0165584415584416,"No"
33,24,5520,6.1,1,0,0,1,0,0.0264492753623188,"No"
40,12,5670,8.2,1,0,0,1,1,0.0777777777777778,"No"
58,39,17390,2.3,1,0,0,1,0,0.0813686026451984,"No"
33,19,5250,4.9,0,0,1,0,1,0.150857142857143,"No"
45,13,5800,6.3,0,0,0,1,0,0.144655172413793,"No"
44,21,6590,6.2,0,0,0,1,1,0.11608497723824,"No"
31,15,5090,1.8,0,0,0,1,1,0.0445972495088409,"No"
36,24,8650,6.2,0,0,1,1,0,0.0336416184971098,"No"
49,30,11660,3.6,0,0,0,1,0,0.0704974271012007,"No"
46,19,7420,6.3,0,0,1,1,1,0.0119946091644205,"No"
40,26,6430,5.4,1,0,0,1,0,0.0371695178849145,"No"
30,15,5190,5,1,0,0,1,0,0.0878612716763006,"No"
31,23,6450,4.7,0,0,0,1,0,0.0618604651162791,"No"
32,14,4940,7.9,1,0,0,0,1,0.0489878542510121,"No"
33,12,4710,5.2,0,0,0,0,0,0.00509554140127389,"No"
48,20,7880,4.4,0,0,0,1,0,0.0642131979695432,"No"
54,26,8020,7.6,1,0,0,1,1,0.130299251870324,"No"
47,24,6600,6.6,0,0,1,1,0,0.18,"No"
45,38,9840,4.5,0,1,0,1,1,0.00660569105691057,"No"
32,22,5570,7.1,0,0,1,1,0,0.0983842010771993,"No"
37,21,5610,7.6,0,0,1,1,0,0.0447415329768271,"No"
57,50,23580,4.8,1,0,0,0,0,0.0883799830364716,"No"
41,28,7130,6.9,0,0,1,0,0,0.0131837307152875,"No"
35,18,6410,2.8,1,0,0,1,0,0.130265210608424,"No"
45,31,9980,4.7,1,0,0,1,0,0.146392785571142,"No"
35,15,5360,5.2,1,0,0,1,1,0.151492537313433,"No"
44,29,6030,6.2,1,0,0,1,0,0.0575456053067993,"No"
48,19,6970,4.1,0,0,1,1,1,0.123959827833572,"No"
38,18,6520,7.9,1,0,0,1,1,0.0688650306748466,"No"
46,13,4690,5.9,0,0,0,1,1,0.0458422174840085,"No"
35,20,5070,3.5,1,0,0,1,0,0.0136094674556213,"No"
32,13,4670,4.4,1,0,0,1,1,0.063169164882227,"No"
45,12,4890,7.9,0,0,0,0,0,0.0789366053169734,"No"
49,13,5420,4.2,0,0,1,1,0,0.124723247232472,"No"
53,18,5720,4.2,1,0,0,0,0,0.0699300699300699,"No"
54,30,10280,3.7,0,0,0,1,1,0.0465953307392996,"No"
29,17,5760,7,1,0,0,1,0,0.113715277777778,"No"
30,16,5060,5.8,0,0,1,0,1,0.201581027667984,"No"
32,22,5070,0.5,1,0,0,1,0,0.0609467455621302,"No"
58,25,8980,3.8,1,0,0,1,0,0.120044543429844,"No"
38,14,5190,7.8,0,0,0,1,0,0.0641618497109827,"No"
36,20,5540,6.4,0,0,0,1,1,0.0983754512635379,"No"
38,18,6070,2.6,0,0,1,0,1,0.0462932454695222,"No"
49,30,13610,8.1,1,0,0,1,1,0.197648787656135,"No"
29,13,5360,4.9,0,0,1,1,0,0.0395522388059701,"No"
29,18,5820,8.2,0,0,1,1,0,0.0271477663230241,"No"
49,36,15960,5.2,0,0,0,1,1,0.0202380952380952,"No"
59,21,5930,7.9,1,0,0,1,0,0.100168634064081,"No"
47,21,6470,3.6,0,0,0,0,0,0.121483771251932,"No"
34,19,6660,8.2,0,0,0,1,1,0.160960960960961,"No"
39,16,5780,6.4,1,0,0,1,0,0.261764705882353,"No"
48,18,5290,4.8,1,0,0,1,0,0.0448015122873346,"No"
54,33,16070,2.9,0,0,0,1,0,0.0575606720597386,"No"
31,23,5730,4.7,1,0,0,0,1,0.0837696335078534,"No"
37,15,12880,6.5,1,0,0,1,0,0.036723602484472,"No"
36,19,5620,4.6,0,0,1,1,1,0.241637010676157,"No"
34,22,10900,0.2,0,0,0,1,1,0.0785321100917431,"No"
43,15,6640,7.3,0,1,0,1,0,0.0332831325301205,"No"
35,18,4870,4.2,0,1,0,1,0,0.116837782340862,"No"
55,30,12840,8.7,0,0,0,0,1,0.0518691588785047,"No"
41,19,6260,4.5,0,0,0,0,0,0.0472843450479233,"No"
38,19,5180,8.2,0,0,0,0,0,0.06003861003861,"No"
36,20,5320,1.2,0,1,0,0,0,0.122556390977444,"No"
50,35,13020,2.6,1,0,0,1,1,0.0698924731182796,"No"
52,22,6610,5,0,0,1,1,0,0.108472012102874,"No"
44,25,9580,5.4,0,0,0,1,0,0.0310020876826722,"No"
37,14,4880,7.2,0,0,0,1,0,0.0715163934426229,"No"
36,27,9730,3,1,0,0,1,0,0.0183967112024666,"No"
48,14,9330,6,0,0,1,1,0,0.00535905680600214,"No"
31,15,5780,3.7,0,0,1,0,1,0.126297577854671,"No"
27,13,5720,5.2,0,0,1,1,0,0.0452797202797203,"No"
54,31,9910,1.5,0,0,1,1,1,0.105751765893037,"No"
33,16,6550,4,0,0,0,1,0,0.0242748091603053,"No"
38,15,4960,4.3,0,0,0,0,1,0.181048387096774,"No"
40,18,6330,4.5,1,0,0,1,0,0.0303317535545024,"No"
31,12,5040,7.7,1,0,0,1,1,0.00972222222222222,"No"
27,15,4840,4.6,0,1,0,1,0,0.142355371900826,"No"
42,17,6360,6.3,1,0,0,1,1,0.106603773584906,"No"
37,20,4940,2.8,0,0,0,1,0,0.138866396761134,"No"
50,21,10250,5.8,0,0,0,0,0,0.0361951219512195,"No"
32,15,5190,4,0,1,0,1,0,0.0728323699421965,"No"
34,22,6950,6.8,0,1,0,0,0,0.0258992805755396,"No"
37,30,6590,5.6,0,0,0,1,1,0.188467374810319,"No"
24,13,4470,2.1,1,0,0,1,1,0.0711409395973154,"No"
35,25,6650,1.8,0,1,0,1,1,0.111127819548872,"No"
45,24,6360,8.5,0,0,1,1,1,0.157232704402516,"No"
33,17,5450,7.4,0,0,1,1,0,0.0322935779816514,"No"
35,19,5380,5.9,0,0,0,1,1,0.0395910780669145,"No"
43,26,10140,3.4,1,0,0,1,0,0.16094674556213,"No"
46,36,13670,7.2,0,0,0,1,1,0.0637893196781273,"No"
29,21,6150,1.6,1,0,0,1,1,0.179674796747967,"No"
30,15,5580,3.3,0,0,1,1,0,0.0903225806451613,"No"
36,19,5810,1.2,0,1,0,1,0,0.0309810671256454,"No"
29,15,6670,3.9,0,0,0,0,0,0.10599700149925,"No"
45,32,11030,5.9,0,0,0,1,0,0.0844968268359021,"No"
30,18,7090,6,1,0,0,1,1,0.104090267983075,"No"
52,17,6490,4.2,1,0,0,1,0,0.0622496147919877,"No"
45,26,13850,2.8,0,0,0,0,0,0.0246931407942238,"No"
57,42,17810,6.2,0,0,1,1,0,0.0450870297585626,"No"
46,20,6680,6,0,0,0,1,0,0.0667664670658683,"No"
35,22,6190,7.2,0,0,1,0,1,0.0610662358642973,"No"
42,16,5390,5,1,0,0,1,0,0.098886827458256,"No"
52,23,8630,5.3,1,0,0,1,1,0.0687137891077636,"No"
42,29,21390,5,1,0,0,0,1,0.0628798503973819,"No"
48,25,17520,3.8,1,0,0,1,1,0.0221461187214612,"No"
44,19,8470,3,1,0,0,1,0,0.0447461629279811,"No"
34,24,5420,3.8,1,0,0,0,1,0.127490774907749,"No"
31,17,5440,1,0,0,0,1,0,0.0606617647058824,"No"
33,23,6450,4.2,1,0,0,0,0,0.107906976744186,"No"
58,32,28530,2,0,1,0,1,0,0.0159831756046267,"No"
43,24,7070,3.1,0,0,1,1,0,0.0278642149929279,"No"
34,21,7250,6.4,1,0,0,1,0,0.0606896551724138,"No"
35,20,5750,4.3,1,0,0,1,0,0.179652173913043,"No"
39,32,10560,6.7,0,0,1,1,0,0.0929924242424242,"No"
42,15,5510,0.4,1,0,0,1,0,0.035934664246824,"No"
40,30,7480,6.4,0,0,1,1,1,0.0780748663101604,"No"
53,37,16530,5.7,0,0,0,0,1,0.0888687235329704,"No"
37,28,11290,6.9,0,0,1,1,0,0.0194862710363153,"No"
58,32,8580,5.5,1,0,0,1,0,0.0827505827505828,"No"
50,41,17380,5.4,1,0,0,0,0,0.110874568469505,"No"
29,13,5600,6.2,0,0,1,0,1,0.105,"No"
39,31,6590,3.2,0,0,0,1,0,0.177996965098634,"No"
29,13,8950,3.8,1,0,0,1,1,0.0345251396648045,"No"
28,17,8450,9.8,1,0,0,1,0,0.0501775147928994,"No"
52,18,7150,9.3,0,0,1,0,1,0.0525874125874126,"No"
35,13,5370,4.2,1,0,0,0,0,0.086219739292365,"No"
54,33,26080,3,0,0,0,1,0,0.124079754601227,"No"
53,40,19420,4.3,1,0,0,1,0,0.064572605561277,"No"
26,12,4770,2.4,1,0,0,0,0,0.0280922431865828,"No"
43,20,5570,3.6,0,0,1,1,1,0.0461400359066427,"No"
49,28,8370,4.5,0,0,0,0,1,0.083273596176822,"No"
49,35,8360,4.7,0,0,0,0,1,0.043421052631579,"No"
27,19,4820,0.7,1,0,0,1,1,0.0570539419087137,"No"
46,27,13830,3,1,0,0,1,1,0.159580621836587,"No"
46,32,19770,6.9,1,0,0,1,0,0.0268588770864947,"No"
24,13,4780,0.7,0,0,1,1,0,0.045397489539749,"No"
36,15,4950,2.4,1,0,0,1,1,0.0177777777777778,"No"
36,27,8460,4.7,0,0,0,0,0,0.0939716312056738,"No"
37,28,6730,5,1,0,0,0,1,0.0482912332838039,"No"
36,28,7290,5.8,0,0,0,1,0,0.0190672153635117,"No"
43,36,10680,5.9,1,0,0,0,1,0.0393258426966292,"No"
36,13,4940,7.1,0,0,0,1,1,0.0718623481781376,"No"
26,18,5690,4.9,0,0,1,0,0,0.0708260105448155,"No"
40,24,6620,6.1,0,0,1,1,0,0.0741691842900302,"No"
52,26,8570,7.3,1,0,0,1,0,0.0572928821470245,"No"
37,21,6710,1.9,0,0,0,1,1,0.167362146050671,"No"
40,24,12910,3.2,1,0,0,1,0,0.0069713400464756,"No"
37,21,7590,1.9,0,0,0,1,0,0.0629776021080369,"No"
48,30,22460,4.1,0,0,1,0,0,0.0665627782724844,"No"
41,22,9320,5.3,0,0,0,0,1,0.0698497854077253,"No"
39,26,8040,6.9,0,0,0,1,1,0.0606965174129353,"No"
42,22,7200,6.2,0,1,0,1,0,0.113194444444444,"No"
32,21,7010,2.3,1,0,0,1,1,0.0191155492154066,"No"
44,24,6940,4.7,1,0,0,1,0,0.0642651296829971,"No"
43,17,6720,7,0,0,0,1,0,0.0428571428571429,"No"
35,24,6680,2.2,0,0,0,1,0,0.0417664670658683,"No"
38,20,7390,5.2,1,0,0,0,1,0.189174560216509,"No"
34,20,5580,1.7,0,0,0,1,1,0.0969534050179211,"No"
48,34,8590,8.3,0,0,1,1,1,0.0869615832363213,"No"
53,19,7880,5.3,0,0,0,1,0,0.099746192893401,"No"
37,29,5960,2.6,0,0,1,1,0,0.0454697986577181,"No"
39,18,6590,8,0,1,0,1,0,0.0389984825493171,"No"
40,18,8530,5.1,0,0,0,1,0,0.0694021101992966,"No"
40,26,8650,6.8,0,0,1,1,0,0.15849710982659,"No"
36,15,6430,0.8,0,1,0,0,0,0.109486780715397,"No"
33,25,7750,6.1,0,0,1,1,0,0.0472258064516129,"No"
30,15,5050,5.5,0,0,1,1,0,0.0267326732673267,"No"
46,13,6320,3.9,1,0,0,1,0,0.0691455696202532,"No"
34,19,4660,2.9,0,0,0,1,0,0.0257510729613734,"No"
43,26,8240,5.3,1,0,0,0,0,0.0816747572815534,"No"
50,21,4930,8.6,0,0,0,1,1,0.0523326572008114,"No"
48,17,6580,1.7,1,0,0,1,0,0.253191489361702,"No"
46,25,6480,4.7,0,1,0,1,1,0.0473765432098765,"No"
47,34,12630,1,0,0,0,0,1,0.0913697545526524,"No"
51,40,19800,3.5,0,0,0,1,0,0.10469696969697,"No"
50,35,22720,1.2,0,0,0,0,0,0.0272887323943662,"No"
44,18,5900,6,0,1,0,0,1,0.0361016949152542,"No"
30,13,4630,4.9,0,0,0,1,0,0.0814254859611231,"No"
35,13,5150,6.2,0,0,0,0,0,0.0580582524271845,"No"
35,18,5490,5.5,0,0,0,1,0,0.219489981785064,"No"
38,24,14000,2.7,0,0,1,1,0,0.0475714285714286,"No"
25,13,4580,1.9,1,0,0,1,0,0.0556768558951965,"No"
36,27,10100,6.5,0,0,1,1,1,0.112079207920792,"No"
45,34,14990,5.4,0,0,0,0,0,0.26184122748499,"No"
37,20,15830,7.8,1,0,0,0,0,0.143398610233733,"No"
52,17,6240,7.6,0,0,0,1,0,0.0532051282051282,"No"
27,14,5390,4,1,0,0,1,1,0.0128014842300557,"No"
44,28,5250,4.6,0,0,0,1,1,0.0552380952380952,"No"
32,22,9270,4.2,1,0,0,1,1,0.0887810140237325,"No"
49,35,12930,7.5,1,0,0,1,0,0.0124516627996906,"No"
54,17,5490,3.4,0,0,0,0,0,0.128051001821494,"No"
40,18,18700,1.3,0,0,1,1,1,0.0779679144385027,"No"
58,20,5530,6.8,0,0,1,1,0,0.245388788426763,"No"
47,38,12600,6.9,0,0,0,0,0,0.237222222222222,"No"
49,33,9320,3.6,0,0,1,1,0,0.120600858369099,"No"
34,12,7540,4.7,0,1,0,0,0,0.123209549071618,"No"
36,17,9600,5.3,1,0,0,1,0,0.0202083333333333,"No"
32,18,6450,7.2,1,0,0,0,0,0.0410852713178295,"No"
41,14,7680,7.4,0,0,0,1,0,0.1453125,"No"
48,23,8730,5.2,0,0,1,0,0,0.0686139747995418,"No"
49,15,9530,6.4,1,0,0,1,1,0.145120671563484,"No"
58,31,14760,7.7,0,0,0,1,1,0.0187669376693767,"No"
46,32,8720,6.6,0,1,0,1,0,0.0626146788990826,"No"
36,26,7200,6.5,1,0,0,0,0,0.160416666666667,"No"
49,15,6410,4.7,0,0,0,0,0,0.0315132605304212,"No"
46,18,5300,2.2,1,0,0,0,0,0.03,"No"
39,31,6980,5.9,1,0,0,1,0,0.0492836676217765,"No"
32,15,5610,5.7,1,0,0,1,1,0.0614973262032086,"No"
53,21,6690,3.3,0,0,0,1,0,0.0539611360239163,"No"
45,26,16200,8,0,0,0,1,0,0.0732716049382716,"No"
40,18,5310,8.3,0,0,1,1,0,0.0355932203389831,"No"
42,17,10510,2.9,0,0,1,0,1,0.0475737392959087,"No"
35,27,6920,3.3,0,0,0,0,0,0.0632947976878613,"No"
46,28,15720,6.4,0,0,1,0,0,0.0527989821882952,"No"
50,14,9400,3.2,0,0,0,1,0,0.149893617021277,"No"
36,12,4890,2.4,1,0,0,1,0,0.0122699386503067,"No"
43,13,6450,2.9,1,0,0,0,0,0.118914728682171,"No"
44,15,6510,0.3,0,0,1,0,0,0.0698924731182796,"No"
41,16,5360,6.5,1,0,0,1,0,0.00895522388059702,"No"
45,18,8540,7,1,0,0,1,0,0.0758782201405152,"No"
46,29,7060,9.8,0,0,0,1,1,0.248016997167139,"No"
48,34,17270,3.2,0,0,1,1,0,0.114070642733063,"No"
36,23,6000,7.3,1,0,0,0,1,0.055,"No"
39,30,10160,8,1,0,0,1,0,0.117027559055118,"No"
37,16,5610,3,0,0,0,0,0,0.136541889483066,"No"
49,16,6850,5.5,1,0,0,1,1,0.0532846715328467,"No"
34,26,8030,6.4,0,0,1,1,1,0.0643835616438356,"No"
35,21,6080,3.5,1,0,0,1,1,0.03125,"No"
26,19,5100,2.7,0,0,1,1,0,0.0343137254901961,"No"
27,12,4950,1.8,0,0,0,1,0,0.0721212121212121,"No"
33,16,4900,4.9,0,0,1,1,0,0.104489795918367,"No"
47,22,7770,2.5,0,0,1,0,1,0.0814671814671815,"No"
37,25,11330,6.7,1,0,0,0,1,0.0770520741394528,"No"
42,34,9280,4.1,1,0,0,0,1,0.0567887931034483,"No"
51,41,14690,9.1,0,0,1,1,1,0.101361470388019,"No"
37,29,7090,4.8,1,0,0,1,1,0.0685472496473907,"No"
29,12,4750,4.3,0,0,0,1,1,0.138736842105263,"No"
47,19,7140,4.4,1,0,0,1,0,0.0673669467787115,"No"
42,15,8870,7.4,0,1,0,1,1,0.0382187147688839,"No"
46,14,4820,6.6,0,0,0,0,0,0.116182572614108,"No"
32,25,7670,6.9,0,0,1,1,0,0.137940026075619,"No"
41,29,11550,12.9,1,0,0,1,0,0.0451948051948052,"No"
54,18,6610,4.7,0,0,1,1,1,0.0278366111951589,"No"
50,37,19190,7.7,0,0,0,1,0,0.129181865554977,"No"
42,31,11700,5.2,0,0,1,1,1,0.042991452991453,"No"
32,25,6060,4,0,0,1,1,0,0.108580858085809,"No"
39,19,5320,6.5,0,0,0,0,0,0.166729323308271,"No"
40,25,9980,5.9,0,0,0,1,0,0.0140280561122244,"No"
49,21,7710,4.8,0,0,1,0,0,0.104150453955901,"No"
46,31,10470,5.3,0,1,0,1,0,0.0823304680038204,"No"
45,31,12100,7.4,0,0,0,1,0,0.0648760330578512,"No"
51,26,9250,4.7,0,0,1,0,1,0.108432432432432,"No"
41,30,10790,1.7,0,0,1,1,1,0.0363299351251158,"No"
41,12,7300,6,1,0,0,0,1,0.155068493150685,"No"
52,17,7720,4.2,0,0,1,0,0,0.0661917098445596,"No"
52,28,10970,6.9,1,0,0,1,0,0.169462169553327,"No"
36,20,6720,1.7,0,0,0,1,1,0.0806547619047619,"No"
46,19,6020,4.7,0,1,0,1,1,0.043687707641196,"No"
31,21,5330,9.7,1,0,0,1,1,0.0947467166979362,"No"
35,19,4790,6.6,0,0,0,1,0,0.0983298538622129,"No"
36,12,6230,7,0,0,1,1,0,0.209791332263242,"No"
29,15,5080,4.5,1,0,0,1,1,0.0127952755905512,"No"
60,19,5560,3.5,1,0,0,1,0,0.158453237410072,"No"
39,30,7100,5.1,0,0,0,0,1,0.0242253521126761,"No"
45,24,9970,2.8,0,0,0,1,1,0.0504513540621866,"No"
46,32,7370,5.2,1,0,0,0,0,0.0472184531886024,"No"
44,27,7150,8.5,1,0,0,1,0,0.128251748251748,"No"
39,31,6890,5.9,0,0,0,1,1,0.175326560232221,"No"
39,25,7200,3.2,1,0,0,0,0,0.0269444444444444,"No"
43,14,7130,2.5,0,0,0,1,1,0.00575035063113604,"No"
26,19,5180,7.3,0,0,0,1,0,0.0818532818532818,"No"
43,21,7240,5.2,0,0,0,1,0,0.144060773480663,"No"
29,19,6840,6.7,0,0,0,1,0,0.0950292397660819,"No"
39,16,5730,7.8,0,0,1,1,0,0.0792321116928447,"No"
34,16,5250,8,0,0,1,1,0,0.0683809523809524,"No"
39,19,6830,4.4,0,0,0,1,0,0.0692532942898975,"No"
38,21,6600,4.9,0,1,0,1,0,0.015,"No"
32,16,5220,4.5,1,0,0,0,0,0.0990421455938697,"No"
30,20,5620,6.9,1,0,0,1,1,0.0441281138790036,"No"
36,24,8560,4.8,1,0,0,1,1,0.128271028037383,"No"
32,21,7010,6.6,1,0,0,0,1,0.0817403708987161,"No"
50,22,7830,4.7,1,0,0,0,1,0.181992337164751,"No"
44,16,5910,7.8,0,0,0,1,0,0.174957698815567,"No"
32,15,10260,4.2,0,0,0,1,1,0.119298245614035,"No"
44,23,5510,3.9,0,0,1,1,1,0.0673321234119782,"No"
42,29,7050,7.5,0,0,0,1,1,0.0982978723404255,"No"
39,20,5760,9.4,1,0,0,1,1,0.0538194444444444,"No"
32,23,7400,6.7,0,0,0,1,1,0.128243243243243,"No"
47,17,5100,8.2,1,0,0,1,1,0.0758823529411765,"No"
32,13,5840,4,0,0,0,1,0,0.0462328767123288,"No"
39,22,5760,6.2,1,0,0,1,0,0.0657986111111111,"No"
37,17,5230,7.1,0,0,0,1,1,0.0548757170172084,"No"
41,31,6630,10.6,1,0,0,1,0,0.0627450980392157,"No"
54,44,26300,2.6,0,0,0,0,0,0.0824714828897338,"No"
27,12,4290,2.6,0,0,1,0,0,0.0841491841491842,"No"
25,15,4570,7.4,0,0,0,1,1,0.0711159737417943,"No"
29,16,5440,5.9,1,0,0,1,1,0.0540441176470588,"No"
56,43,20540,5.7,0,0,0,1,1,0.162171372930867,"No"
49,42,18290,6.6,1,0,0,1,1,0.036468015308912,"No"
38,12,8000,4.4,1,0,0,1,1,0.0695,"No"
48,35,10140,5.9,0,1,0,0,0,0.0425049309664694,"No"
38,28,6840,10.4,0,1,0,0,0,0.0926900584795322,"No"
56,29,7500,6,1,0,0,1,1,0.1016,"No"
44,33,11120,5.7,1,0,0,0,1,0.0380395683453237,"No"
37,19,7260,3.5,1,0,0,0,1,0.273691460055096,"No"
36,20,7600,3.9,1,0,0,1,1,0.163815789473684,"No"
46,27,6690,6.4,0,0,1,1,1,0.104484304932735,"No"
30,17,4910,8.5,0,0,0,1,0,0.0529531568228106,"No"
53,28,6110,6.3,0,0,0,1,1,0.115548281505728,"No"
56,49,24770,5.6,0,1,0,0,0,0.0333871618893823,"No"
49,30,11200,3.2,0,0,1,0,1,0.0658928571428571,"No"
36,28,8410,1.5,1,0,0,1,0,0.0873959571938169,"No"
48,14,4870,6.1,0,0,0,0,1,0.13264887063655,"No"
34,17,5840,6.9,0,0,1,1,0,0.186643835616438,"No"
42,34,9420,8.9,0,0,1,1,1,0.153927813163482,"No"
51,17,6870,5.7,1,0,0,0,1,0.145269286754003,"No"
29,20,5900,6.3,0,0,0,1,0,0.154915254237288,"No"
48,15,8470,3,1,0,0,1,0,0.0131050767414404,"No"
49,39,11300,4.2,0,0,1,1,0,0.0895575221238938,"No"
29,18,5400,7,1,0,0,1,0,0.248888888888889,"No"
33,18,6150,7.3,1,0,0,0,1,0.0656910569105691,"No"
37,13,5410,2.3,0,1,0,1,1,0.0768946395563771,"No"
30,17,5060,4.7,0,0,0,1,1,0.0349802371541502,"No"
47,39,12500,8.6,0,0,1,0,0,0.08496,"No"
33,12,5000,4.9,1,0,0,0,0,0.0202,"No"
46,17,5460,0.3,0,0,1,0,1,0.0467032967032967,"No"
39,25,7080,5.6,0,0,0,1,0,0.226412429378531,"No"
34,20,6190,6.6,1,0,0,0,0,0.0324717285945073,"No"
28,16,5000,3.1,0,0,1,1,0,0.2186,"No"
43,21,23050,4.1,1,0,0,1,0,0.0337960954446855,"No"
33,14,4970,4.8,0,0,0,1,0,0.230985915492958,"No"
45,15,5640,6.6,0,0,0,1,1,0.0198581560283688,"No"
30,17,7060,3.7,1,0,0,0,0,0.105382436260623,"No"
24,14,4530,4.7,0,0,0,1,0,0.118763796909492,"No"
41,19,7150,0.1,1,0,0,1,1,0.136223776223776,"No"
31,19,5050,6.1,1,0,0,0,0,0.0526732673267327,"No"
32,23,8100,6.9,0,0,0,1,1,0.313456790123457,"No"
32,19,7940,3,0,1,0,1,0,0.140176322418136,"No"
41,32,9740,3.5,0,0,0,0,0,0.0371663244353183,"No"
35,20,5390,3.6,1,0,0,1,0,0.0126159554730983,"No"
24,13,4500,2.7,1,0,0,1,1,0.136888888888889,"No"
31,21,6110,1,0,0,1,1,1,0.136661211129296,"No"
36,29,5820,5.5,1,0,0,1,1,0.0498281786941581,"No"
49,19,42130,5.7,1,0,0,1,1,0.0757892238309993,"No"
51,16,6210,4.7,0,1,0,1,0,0.0508856682769726,"No"
53,36,12620,6.6,0,0,0,1,0,0.0134706814580032,"No"
34,16,5440,8.3,0,1,0,1,1,0.0689338235294118,"No"
35,21,8000,5.6,0,0,1,0,1,0.218125,"No"
36,17,4940,5.2,1,0,0,0,0,0.102631578947368,"No"
44,16,6790,3.6,0,0,0,1,0,0.0391752577319588,"No"
40,22,10310,7.3,0,1,0,1,0,0.0564500484966052,"No"
41,20,6630,4.4,1,0,0,0,0,0.0135746606334842,"No"
45,34,13600,4.3,0,0,0,1,0,0.0827941176470588,"No"
39,22,6640,5.6,0,0,0,1,0,0.0537650602409639,"No"
43,32,13750,3,1,0,0,1,1,0.0924363636363636,"No"
40,13,5560,8.5,1,0,0,0,1,0.0368705035971223,"No"
32,21,7030,10.4,1,0,0,1,0,0.0672830725462304,"No"
31,21,5170,1,0,0,1,0,0,0.0835589941972921,"No"
47,26,7720,3.9,0,0,0,1,0,0.228238341968912,"No"
43,32,8300,1.7,0,0,1,1,0,0.0910843373493976,"No"
27,13,4650,5.9,1,0,0,0,0,0.145591397849462,"No"
53,23,6520,4.7,0,0,0,1,1,0.10659509202454,"No"
35,15,5580,5.8,0,0,0,1,0,0.0225806451612903,"No"
37,14,4770,0.8,1,0,0,0,1,0.0679245283018868,"No"
39,27,6320,7.7,1,0,0,0,0,0.0958860759493671,"No"
27,14,4560,2.8,1,0,0,1,1,0.0326754385964912,"No"
35,15,4690,7.7,0,0,0,0,0,0.144136460554371,"No"
48,29,8960,1.1,0,0,0,0,0,0.0691964285714286,"No"
38,14,5600,4.7,1,0,0,1,0,0.115,"No"
28,14,4960,6.6,1,0,0,1,0,0.0258064516129032,"No"
33,16,6790,7.8,1,0,0,0,0,0.174521354933726,"No"
47,33,24120,4.1,0,0,0,1,0,0.0814676616915423,"No"
41,27,12330,6.7,1,0,0,0,1,0.067558799675588,"No"
44,33,8720,3.1,1,0,0,1,1,0.0623853211009174,"No"
49,21,6370,3.3,0,0,0,0,1,0.0251177394034537,"No"
52,32,10640,6.3,0,0,0,1,1,0.109962406015038,"No"
57,38,41980,7.9,0,0,1,1,0,0.0297999047165317,"No"
60,22,8540,7.3,1,0,0,1,1,0.0114754098360656,"No"
42,27,7780,4.8,1,0,0,0,0,0.0105398457583548,"No"
38,20,5720,3.1,0,0,0,1,0,0.0381118881118881,"No"
25,18,4960,3.6,1,0,0,1,1,0.0951612903225806,"No"
47,18,6820,6.1,1,0,0,1,0,0.00498533724340176,"No"
48,29,8800,1.4,0,0,0,0,0,0.129318181818182,"No"
36,28,10520,6.9,0,0,0,0,1,0.0330798479087452,"No"
40,29,7160,1.1,0,1,0,1,1,0.11536312849162,"No"
33,20,5730,6.3,0,0,0,1,0,0.0479930191972077,"No"
49,34,12420,6.2,0,0,1,1,0,0.0784219001610306,"No"
38,21,6420,6.7,0,0,0,0,0,0.0694704049844237,"No"
41,24,8910,6.6,0,0,1,1,0,0.0509539842873176,"No"
31,13,5810,8,1,0,0,1,0,0.0628227194492255,"No"
54,17,5770,5.3,0,0,0,0,0,0.128249566724437,"No"
53,38,22120,0.6,1,0,0,1,0,0.0317811934900542,"No"
48,20,6500,0.7,0,0,0,0,0,0.161076923076923,"No"
32,13,5290,7.1,1,0,0,0,0,0.0100189035916824,"No"
34,17,5250,5.4,0,1,0,1,1,0.124952380952381,"No"
42,28,6570,3.9,0,1,0,0,0,0.117808219178082,"No"
29,21,6110,2.9,0,1,0,0,0,0.0703764320785597,"No"
38,28,10800,2.8,0,0,0,1,0,0.152962962962963,"No"
58,12,5290,5.4,0,0,1,1,0,0.0383742911153119,"No"
34,17,8050,1.4,1,0,0,1,1,0.0469565217391304,"No"
42,19,9170,7.1,0,0,1,0,1,0.0292257360959651,"No"
29,19,5710,6.1,1,0,0,1,0,0.0474605954465849,"No"
52,41,23200,8.5,0,0,1,1,0,0.137586206896552,"No"
38,23,5750,1.4,0,0,0,0,0,0.068,"No"
30,15,4400,4.4,1,0,0,1,0,0.0647727272727273,"No"
48,30,8910,4.8,0,0,0,0,1,0.0585858585858586,"No"
41,20,8430,2,0,0,1,1,1,0.157769869513642,"No"
32,20,8190,6.3,0,0,0,1,0,0.0905982905982906,"No"
30,21,6000,5.6,0,0,0,0,0,0.137,"No"
31,13,5400,4.6,1,0,0,1,0,0.0535185185185185,"No"
27,14,4840,4.8,1,0,0,1,0,0.0964876033057851,"No"
35,22,6090,4.5,0,0,0,1,0,0.155993431855501,"No"
42,20,5290,5.8,0,0,1,1,0,0.0379962192816635,"No"
39,27,5770,4,0,0,1,1,1,0.137435008665511,"No"
44,16,11610,3.3,0,0,0,0,0,0.0585701981050818,"No"
42,18,6440,7.9,0,0,1,1,0,0.0288819875776397,"No"
25,16,5270,3.7,0,1,0,1,0,0.0791271347248577,"No"
45,28,8880,8.8,0,0,1,1,1,0.104391891891892,"No"
42,15,5010,7.8,0,0,0,0,1,0.0351297405189621,"No"
37,24,5430,5.3,0,0,0,1,1,0.0979742173112339,"No"
40,29,7580,4.3,0,0,1,1,1,0.0823218997361478,"No"
35,13,5300,5.1,1,0,0,1,0,0.050377358490566,"No"
28,18,5800,3.5,0,0,0,1,1,0.0646551724137931,"No"
27,18,5150,7.6,1,0,0,1,0,0.0314563106796117,"No"
35,14,5940,1.8,0,0,0,0,0,0.0501683501683502,"No"
25,12,4750,8.6,1,0,0,0,1,0.0671578947368421,"No"
42,16,6340,7.5,0,0,0,1,0,0.0212933753943218,"No"
42,17,5210,5.6,0,0,1,0,0,0.174664107485605,"No"
55,15,7780,4.8,0,0,0,1,1,0.0589974293059126,"No"
25,17,4840,6.1,0,0,1,1,0,0.0466942148760331,"No"
54,42,8560,5.5,1,0,0,0,1,0.0630841121495327,"No"
31,14,5530,4,0,0,1,1,1,0.0350813743218807,"No"
39,23,6350,8.3,1,0,0,0,1,0.0875590551181102,"No"
52,25,7790,4.3,0,0,0,1,1,0.102053915275995,"No"
43,14,6160,4.6,0,0,0,1,0,0.216396103896104,"No"
26,14,4840,5.4,0,0,1,1,1,0.0148760330578512,"No"
34,14,5220,3.7,1,0,0,1,1,0.178927203065134,"No"
38,18,6340,2.5,1,0,0,1,0,0.0848580441640379,"No"
30,16,4260,3.6,1,0,0,1,1,0.205164319248826,"No"
34,18,5660,6.8,1,0,0,0,0,0.0243816254416961,"No"
40,27,6840,4.8,0,0,0,1,1,0.0361111111111111,"No"
32,24,5750,5.8,0,0,0,0,0,0.179478260869565,"No"
34,16,4850,3.8,0,1,0,1,0,0.094020618556701,"No"
51,33,12230,4.2,0,0,0,1,1,0.176451349141455,"No"
55,27,7880,7.1,1,0,0,1,0,0.264593908629442,"No"
27,19,5700,3.1,0,0,1,0,0,0.157719298245614,"No"
32,20,6470,1.3,0,0,0,1,1,0.135085007727975,"No"
48,15,5550,4.9,1,0,0,1,0,0.113873873873874,"No"
39,12,4910,4.5,0,0,1,1,0,0.0162932790224033,"No"
50,29,11570,2.3,0,0,0,0,1,0.0900605012964563,"No"
37,15,5070,4.7,0,0,1,1,0,0.0800788954635109,"No"
52,28,9430,5.6,0,0,0,0,1,0.0287380699893955,"No"
42,26,10170,2.4,0,0,0,0,0,0.0387413962635202,"No"
41,22,6960,6.3,0,0,1,0,0,0.180459770114943,"No"
46,13,8420,4.1,0,0,0,0,1,0.0589073634204276,"No"
38,22,6260,4.7,0,0,0,1,0,0.136261980830671,"No"
28,13,6980,3.1,0,0,0,1,1,0.0888252148997135,"No"
26,13,4910,6.4,0,0,0,1,1,0.15213849287169,"No"
36,28,5780,2.4,0,1,0,1,0,0.0380622837370242,"No"
42,28,10730,4.1,1,0,0,0,0,0.150512581547064,"No"
44,32,9820,5.2,0,0,0,0,1,0.0761710794297352,"No"
44,25,10190,4.9,0,0,0,0,0,0.0200196270853778,"No"
50,15,5450,2.7,1,0,0,1,0,0.071743119266055,"No"
49,38,11270,5.8,1,0,0,1,0,0.0878438331854481,"No"
40,17,6310,1.5,1,0,0,0,0,0.0503961965134707,"No"
30,16,5800,7.8,0,0,1,1,0,0.083448275862069,"No"
31,19,6400,1.8,0,0,0,0,0,0.03796875,"No"
41,15,5190,6.9,0,0,1,0,1,0.0285163776493256,"No"
36,27,6500,0.8,1,0,0,0,1,0.0644615384615385,"No"
48,32,15740,8.9,1,0,0,1,1,0.0899618805590851,"No"
30,15,4740,8.6,0,0,1,1,0,0.110970464135021,"No"
39,25,6070,4,0,0,1,1,0,0.0686985172981878,"No"
31,19,5160,3.2,1,0,0,0,0,0.116279069767442,"No"
47,29,14120,4,1,0,0,1,1,0.129674220963173,"No"
40,12,4560,5.2,0,0,0,1,0,0.116666666666667,"No"
27,20,4850,4.1,0,0,1,1,0,0.0249484536082474,"No"
32,23,8750,5.5,1,0,0,1,0,0.0305142857142857,"No"
34,21,7270,3.9,0,0,1,1,0,0.0365887207702889,"No"
30,22,5940,5.7,1,0,0,1,0,0.0777777777777778,"No"
36,13,5380,5.7,1,0,0,1,0,0.220817843866171,"No"
54,26,7040,3.4,0,0,0,1,1,0.0336647727272727,"No"
31,16,4920,4.1,0,0,1,0,1,0.111585365853659,"No"
29,13,4970,3.6,0,0,1,1,1,0.0329979879275654,"No"
36,17,8030,2.6,0,0,0,1,0,0.0648816936488169,"No"
53,36,25590,4.3,0,0,0,0,0,0.156975381008206,"No"
48,25,6840,3.1,1,0,0,1,1,0.022953216374269,"No"
38,20,6540,4,0,0,0,1,0,0.0941896024464832,"No"
43,34,8760,2.9,1,0,0,1,0,0.0568493150684932,"No"
40,25,13120,9.7,1,0,0,1,0,0.178125,"No"
41,33,9420,6.4,1,0,0,1,1,0.0469214437367304,"No"
24,16,6450,9.4,0,0,0,0,0,0.0827906976744186,"No"
30,12,4780,5.4,0,0,0,1,0,0.0393305439330544,"No"
27,19,4670,5.6,0,0,1,1,1,0.0241970021413276,"No"
32,22,6890,3,1,0,0,1,0,0.0622641509433962,"No"
42,16,6660,5.5,0,0,0,1,0,0.0136636636636637,"No"
55,46,19090,0.7,1,0,0,1,0,0.107752750130959,"No"
41,27,9470,6,0,1,0,1,0,0.084688489968321,"No"
40,25,7920,6.5,0,1,0,1,0,0.117929292929293,"No"
43,20,8610,8.7,0,0,1,1,0,0.0746806039488966,"No"
49,23,6560,5.3,1,0,0,0,0,0.0955792682926829,"No"
35,28,11370,5.8,0,0,0,1,0,0.0612137203166227,"No"
32,17,8320,6.6,0,0,0,1,1,0.0311298076923077,"No"
34,27,7250,0.9,0,0,0,0,0,0.0691034482758621,"No"
41,14,5250,5.5,0,0,0,1,0,0.032,"No"
39,27,6470,6.9,0,0,1,0,0,0.0802163833075734,"No"
41,18,15130,5.8,1,0,0,0,1,0.0991407799074686,"No"
32,12,6290,4,0,0,0,1,0,0.160095389507154,"No"
45,25,12180,7.4,1,0,0,1,1,0.0532840722495895,"No"
46,19,6000,5.5,1,0,0,1,0,0.175166666666667,"No"
39,30,6030,3.6,0,0,1,1,0,0.0777777777777778,"No"
36,29,8000,2.6,1,0,0,1,1,0.139125,"No"
41,33,8540,5.4,0,1,0,1,0,0.0217798594847775,"No"
31,18,5880,4.7,0,0,0,1,1,0.0454081632653061,"No"
39,20,7150,6.6,1,0,0,1,1,0.0876923076923077,"No"
44,12,5210,2.9,1,0,0,0,0,0.0378119001919386,"No"
36,26,5660,4.8,0,0,0,0,1,0.240459363957597,"No"
30,17,4580,6.3,0,0,0,1,1,0.0207423580786026,"No"
39,15,5740,5.2,0,0,1,0,0,0.0632404181184669,"No"
29,15,5390,4.7,0,0,1,1,1,0.0608534322820037,"No"
34,16,7500,2.9,0,0,0,1,0,0.0924,"No"
43,18,6210,2.4,0,0,1,1,0,0.0755233494363929,"No"
32,16,4780,4.3,0,0,1,1,0,0.0824267782426778,"No"
42,13,6580,3.3,0,1,0,1,1,0.0457446808510638,"No"
46,29,10320,3.7,1,0,0,1,1,0.127325581395349,"No"
35,17,6450,5.6,0,0,0,0,0,0.0355038759689922,"No"
40,17,6610,5.1,1,0,0,1,1,0.0550680786686838,"No"
41,19,5760,4.5,0,0,0,1,0,0.0494791666666667,"No"
37,15,5700,4,0,0,0,1,0,0.0378947368421053,"No"
25,14,4820,5.2,0,0,0,1,1,0.0587136929460581,"No"
31,21,6020,5.6,1,0,0,1,1,0.0700996677740864,"No"
36,14,4890,7.9,0,0,0,1,0,0.00777096114519427,"No"
31,12,5090,5.5,1,0,0,0,1,0.308644400785855,"No"
39,28,8870,7.7,1,0,0,0,0,0.102818489289741,"No"
43,16,5310,2.5,1,0,0,0,0,0.0807909604519774,"No"
36,19,6660,6.5,0,0,0,0,0,0.0376876876876877,"No"
30,12,4600,1.3,0,1,0,1,0,0.0393478260869565,"No"
40,17,6460,9.1,0,0,1,0,0,0.0869969040247678,"No"
41,23,5390,4.2,1,0,0,1,1,0.0935064935064935,"No"
36,13,4890,4.6,1,0,0,1,1,0.0707566462167689,"No"
40,13,5140,5.3,0,0,0,0,1,0.043579766536965,"No"
44,33,9200,6.6,1,0,0,0,1,0.063804347826087,"No"
29,14,4550,5.2,0,0,0,0,0,0.0386813186813187,"No"
37,21,7370,4.2,0,0,0,1,1,0.0379918588873813,"No"
28,13,5050,4.9,0,0,0,1,0,0.0645544554455446,"No"
44,25,7160,4,1,0,0,1,1,0.0418994413407821,"No"
41,28,15920,2.3,1,0,0,1,0,0.110175879396985,"No"
42,21,6830,3.7,0,0,0,1,1,0.0664714494875549,"No"
38,18,5870,5.6,0,0,1,0,0,0.0824531516183986,"No"
40,22,7950,1.7,0,0,0,1,0,0.0727044025157233,"No"
54,35,11160,2,0,0,1,1,1,0.119175627240143,"No"
36,13,6500,8.3,0,0,0,1,1,0.113076923076923,"No"
42,14,5690,4.6,0,0,0,1,1,0.0815465729349736,"No"
31,13,5480,5,0,1,0,0,1,0.294525547445255,"No"
31,16,5020,7.6,0,0,0,0,0,0.0695219123505976,"No"
35,12,4470,5.1,0,0,1,1,1,0.193064876957494,"No"
30,21,6080,7.2,0,0,0,1,0,0.0455592105263158,"No"
35,14,5230,2.6,0,0,1,1,1,0.0435946462715105,"No"
47,32,11070,6.3,0,0,0,1,1,0.200090334236676,"No"
31,15,4810,6.3,0,0,1,1,0,0.0604989604989605,"No"
29,19,5830,4.4,0,0,0,0,0,0.030188679245283,"No"
43,22,7070,7.2,0,0,1,0,0,0.184299858557284,"No"
50,15,5150,5.7,1,0,0,1,0,0.0281553398058252,"No"
37,16,7730,2.1,0,0,0,0,0,0.0377749029754204,"No"
44,24,8650,4.5,0,0,0,0,0,0.0406936416184971,"No"
48,22,9960,5.3,0,0,0,1,0,0.0745983935742972,"No"
42,25,7290,3.9,1,0,0,1,0,0.130727023319616,"No"
48,16,8930,4.8,0,0,0,0,1,0.0877939529675252,"No"
52,36,9750,3.9,0,0,0,1,1,0.0333333333333333,"No"
38,25,5990,7.2,1,0,0,0,1,0.0687813021702838,"No"
28,16,5600,5.3,0,0,0,1,0,0.0996428571428571,"No"
46,17,6380,5.8,1,0,0,0,0,0.0377742946708464,"No"
28,15,5970,4.7,1,0,0,1,1,0.120770519262982,"No"
27,12,4790,2.7,1,0,0,1,0,0.119206680584551,"No"
28,17,4390,8.2,1,0,0,1,0,0.065375854214123,"No"
29,20,5600,6.7,1,0,0,1,0,0.0616071428571429,"No"
35,23,6670,2.4,1,0,0,1,1,0.0839580209895052,"No"
29,19,5250,3,1,0,0,0,0,0.0643809523809524,"No"
40,19,15510,4.7,0,0,1,0,1,0.0475822050290135,"No"
42,14,5160,7,0,0,1,1,0,0.0815891472868217,"No"
47,27,7430,4.1,1,0,0,1,0,0.0550471063257066,"No"
30,13,4740,7.6,0,0,1,1,0,0.0172995780590717,"No"
48,25,8860,3,1,0,0,1,1,0.0630925507900677,"No"
34,24,7420,5.1,0,0,0,1,0,0.0931266846361186,"No"
39,17,7400,7.5,0,0,0,0,0,0.0932432432432432,"No"
31,13,4600,5.3,1,0,0,1,0,0.0771739130434783,"No"
52,18,6200,3.1,1,0,0,0,0,0.0653225806451613,"No"
36,29,5740,6.1,0,0,0,1,1,0.0343205574912892,"No"
47,35,15150,3.4,0,0,1,0,0,0.177953795379538,"No"
31,15,5220,7.3,1,0,0,0,0,0.0944444444444444,"No"
47,17,5410,4.2,0,0,1,1,0,0.0153419593345656,"No"
52,30,10700,3.6,0,0,0,1,1,0.190093457943925,"No"
42,15,5320,8.1,0,0,0,1,1,0.0530075187969925,"No"
27,20,5290,3.5,0,0,0,1,0,0.103969754253308,"No"
32,22,6030,4.2,1,0,0,1,1,0.0439469320066335,"No"
38,18,6030,6.4,0,0,0,1,1,0.0538971807628524,"No"
25,15,4600,4.5,0,0,1,1,1,0.0532608695652174,"No"
32,17,11840,6.4,0,0,0,1,0,0.0486486486486487,"No"
37,13,4920,2.4,1,0,0,0,0,0.0223577235772358,"No"
43,28,9980,5.2,0,0,0,0,1,0.104809619238477,"No"
32,18,6480,4.3,1,0,0,0,1,0.0359567901234568,"No"
30,12,4520,3.3,0,0,0,0,0,0.155088495575221,"No"
49,18,5400,2.7,1,0,0,0,0,0.0290740740740741,"No"
39,13,5480,6.6,0,0,1,1,0,0.0306569343065693,"No"
51,17,4880,2.7,0,0,1,0,1,0.0510245901639344,"No"
47,32,10170,3.7,0,0,0,1,0,0.0249754178957719,"No"
42,17,5850,3.9,0,0,0,1,1,0.102564102564103,"No"
46,35,12050,3.3,0,0,0,1,0,0.0596680497925311,"No"
45,29,11200,4.9,0,1,0,0,1,0.0117857142857143,"No"
34,18,5590,5.8,0,0,1,0,1,0.120751341681574,"No"
41,12,6270,2.9,1,0,0,0,0,0.0414673046251994,"No"
36,23,5700,8.4,0,0,0,1,1,0.0547368421052632,"No"
36,20,9490,1.6,1,0,0,0,0,0.11159114857745,"No"
46,18,9870,3,0,0,0,1,0,0.0635258358662614,"No"
32,19,6380,3.9,1,0,0,1,0,0.0670846394984326,"No"
42,26,6220,4.9,1,0,0,0,1,0.0445337620578778,"No"
36,18,5650,7.2,1,0,0,1,1,0.0423008849557522,"No"
50,29,9020,3,1,0,0,0,1,0.175942350332594,"No"
51,41,17140,6.9,1,0,0,1,0,0.103850641773629,"No"
44,37,11800,5.5,0,0,0,1,0,0.0409322033898305,"No"
34,22,6860,5.2,0,1,0,0,0,0.0158892128279883,"No"
45,25,8220,9.9,1,0,0,1,0,0.0992700729927007,"No"
51,37,16090,3.5,1,0,0,1,0,0.0269732753262896,"No"
48,35,31410,3.4,1,0,0,0,0,0.042184017828717,"No"
27,15,5730,4.7,1,0,0,1,1,0.0458987783595113,"No"
43,20,5570,6.7,0,1,0,1,0,0.126750448833034,"No"
25,12,6120,4.6,0,0,1,1,1,0.0209150326797386,"No"
49,22,6170,3.3,0,0,0,1,1,0.0615883306320908,"No"
32,21,8650,5.4,0,0,0,1,1,0.239768786127168,"No"
45,34,10380,5.4,0,0,0,1,0,0.0301541425818882,"No"
51,17,8590,5.5,0,0,0,1,1,0.080442374854482,"No"
38,18,7360,3.3,0,0,1,1,0,0.044429347826087,"No"
53,19,9630,4.8,0,1,0,1,1,0.0361370716510903,"No"
31,18,6220,2.7,1,0,0,1,0,0.0697749196141479,"No"
38,27,7850,4,1,0,0,1,0,0.0592356687898089,"No"
33,13,5040,7.4,0,1,0,0,1,0.0474206349206349,"No"
42,17,6350,2.6,0,0,0,0,0,0.072755905511811,"No"
47,29,6600,7.2,1,0,0,1,1,0.00136363636363636,"No"
27,17,4800,3.6,0,1,0,0,0,0.0625,"No"
45,29,8400,4.9,0,0,0,1,0,0.0392857142857143,"No"
40,27,10760,7,1,0,0,1,0,0.0274163568773234,"No"
37,16,5170,2.4,0,0,0,0,0,0.217408123791103,"No"
59,17,12640,7.2,0,0,0,1,0,0.0161392405063291,"No"
30,15,5320,4.8,0,0,1,1,0,0.176691729323308,"No"
32,12,4800,5.2,0,0,0,1,1,0.0820833333333333,"No"
33,22,5430,5.3,0,0,0,1,1,0.0495395948434622,"No"
46,15,4870,2.8,0,0,0,1,1,0.0429158110882957,"No"
50,28,7350,2.6,0,1,0,0,1,0.0684353741496599,"No"
48,21,7610,5.8,1,0,0,0,1,0.114586070959264,"No"
31,23,5770,7.5,0,0,0,1,0,0.0821490467937608,"No"
41,26,6440,3.5,0,0,1,0,1,0.0462732919254658,"No"
47,37,14380,8.3,0,0,0,1,0,0.137552155771905,"No"
37,22,6240,3.5,0,0,0,1,1,0.0963141025641026,"No"
39,26,5480,8,0,0,1,0,1,0.101824817518248,"No"
37,12,5830,3.6,0,0,0,0,0,0.0835334476843911,"No"
26,16,4880,4.4,1,0,0,1,1,0.092827868852459,"No"
43,34,10080,5.9,0,1,0,0,0,0.135912698412698,"No"
40,23,6290,6.1,0,0,0,1,0,0.0648648648648649,"No"
46,13,5660,3,0,0,1,1,0,0.166961130742049,"No"
28,12,8010,5.5,0,0,0,0,0,0.0196004993757803,"No"
32,15,6440,5.1,0,0,0,1,0,0.102484472049689,"No"
45,20,11890,7.4,1,0,0,1,0,0.0921783010933558,"No"
31,14,6220,3.7,1,0,0,0,0,0.119292604501608,"No"
28,15,4780,3.7,1,0,0,1,0,0.0493723849372385,"No"
36,19,7550,4.1,1,0,0,1,0,0.0125827814569536,"No"
42,22,5940,8.3,1,0,0,0,1,0.0432659932659933,"No"
43,26,20580,4.5,0,0,1,0,0,0.0435860058309038,"No"
35,22,5930,3.2,0,0,1,1,0,0.00994940978077572,"No"
31,17,7570,6.4,1,0,0,1,0,0.117569352708058,"No"
45,22,6330,2.9,0,0,1,1,0,0.00805687203791469,"No"
33,21,5060,3.6,1,0,0,1,0,0.0604743083003953,"No"
33,19,5440,5.4,0,0,0,1,0,0.158088235294118,"No"
56,48,25860,4,0,0,1,1,0,0.137470997679814,"No"
40,18,6350,4.2,1,0,0,0,1,0.0388976377952756,"No"
42,30,9630,4.9,1,0,0,1,0,0.0679127725856698,"No"
33,18,5450,5.7,1,0,0,0,1,0.196330275229358,"No"
48,35,17210,3.9,1,0,0,1,0,0.135967460778617,"No"
47,31,20280,6.7,1,0,0,1,0,0.00537475345167653,"No"
36,17,5160,4.6,1,0,0,1,1,0.109883720930233,"No"
36,29,6650,4.2,0,1,0,1,1,0.161353383458647,"No"
53,13,5140,6.3,1,0,0,0,1,0.0340466926070039,"No"
48,13,5090,4.1,0,1,0,1,0,0.0760314341846758,"No"
48,36,8960,4.8,0,0,0,0,1,0.134375,"No"
37,30,7300,4.5,0,0,0,0,1,0.00917808219178082,"No"
48,17,7670,5.8,0,0,0,1,0,0.0423728813559322,"No"
36,16,5490,3.1,1,0,0,1,0,0.122950819672131,"No"
36,25,6260,4.5,0,0,1,0,0,0.0420127795527157,"No"
43,16,5400,6.9,0,0,1,1,0,0.0792592592592593,"No"
34,26,6580,7.1,1,0,0,1,1,0.0235562310030395,"No"
35,16,6030,2.4,0,0,0,0,1,0.113598673300166,"No"
53,31,12760,9.9,0,0,1,0,0,0.0477272727272727,"No"
41,32,10060,3.4,0,0,0,1,0,0.0958250497017893,"No"
39,12,4720,3.5,0,1,0,1,0,0.098728813559322,"No"
36,22,9170,7.7,1,0,0,0,0,0.0332606324972737,"No"
35,17,9710,6.8,0,1,0,1,1,0.0651905252317199,"No"
41,25,7740,0.3,1,0,0,1,1,0.0843669250645995,"No"
37,28,7060,3.4,0,0,0,1,0,0.103966005665722,"No"
52,30,12050,6.4,0,0,1,0,0,0.0918672199170125,"No"
32,15,6280,6.4,1,0,0,0,0,0.0939490445859873,"No"
47,28,9500,6.9,0,0,0,1,1,0.0303157894736842,"No"
45,32,17790,6.1,0,0,1,1,0,0.0764474423833614,"No"
52,12,5730,5.6,0,1,0,1,0,0.184118673647469,"No"
44,21,6790,2.4,1,0,0,0,1,0.0347569955817379,"No"
34,24,6280,3.4,1,0,0,1,0,0.0504777070063694,"No"
46,28,8240,5.8,1,0,0,0,0,0.128883495145631,"No"
41,18,9530,2.6,1,0,0,1,0,0.149317943336831,"No"
37,29,8250,6.5,1,0,0,1,0,0.176,"No"
46,28,9320,7.4,0,0,1,1,1,0.0300429184549356,"No"
41,14,6440,2,0,0,0,0,0,0.120341614906832,"No"
32,23,6270,3.9,0,0,0,1,0,0.134609250398724,"No"
49,35,12620,2.6,0,0,1,1,0,0.136370839936609,"No"
24,15,4440,5.9,0,0,0,1,0,0.095945945945946,"No"
45,32,8020,5.6,0,1,0,1,1,0.0502493765586035,"No"
25,14,5110,4.8,0,0,0,1,0,0.0293542074363992,"No"
40,26,7970,3.3,0,0,0,1,0,0.297616060225847,"No"
38,25,6990,3.3,0,0,0,0,0,0.0454935622317597,"No"
29,21,8920,6.8,0,1,0,1,0,0.0753363228699552,"No"
37,13,5350,4.7,0,0,1,1,1,0.182242990654206,"No"
41,17,5570,8.6,0,0,1,1,0,0.10556552962298,"No"
29,16,5080,4.1,0,0,0,0,1,0.140157480314961,"No"
34,17,4710,5.1,1,0,0,1,1,0.272823779193206,"No"
41,12,6340,2,1,0,0,1,1,0.149526813880126,"No"
42,31,7700,3.8,0,0,1,0,0,0.0581818181818182,"No"
44,15,6090,5.6,1,0,0,1,1,0.0592775041050903,"No"
46,29,7580,5.9,0,0,1,1,1,0.0970976253298153,"No"
29,21,4820,5.5,0,1,0,1,1,0.263070539419087,"No"
35,20,7020,6.2,0,1,0,0,0,0.102279202279202,"No"
52,27,8630,6.3,1,0,0,1,1,0.0404403244495944,"No"
33,21,6800,6.7,1,0,0,1,0,0.186470588235294,"No"
36,26,7010,4.5,0,0,0,0,1,0.0761768901569187,"No"
44,26,6550,7.2,0,0,0,1,0,0.010381679389313,"No"
40,21,8030,4.6,1,0,0,0,1,0.013947696139477,"No"
58,42,18260,3.6,1,0,0,1,1,0.0450711938663746,"No"
36,21,9730,9,0,0,0,1,0,0.0996916752312436,"No"
33,19,6770,1.4,0,0,1,0,0,0.0698670605612998,"No"
46,15,5380,7.4,0,1,0,1,0,0.0609665427509294,"No"
36,24,7610,6.3,1,0,0,1,1,0.0379763469119579,"No"
39,25,10640,8.2,0,0,0,1,0,0.0146616541353383,"No"
49,42,16580,4.6,1,0,0,0,0,0.0097708082026538,"No"
24,12,4650,6.5,0,0,1,1,0,0.180645161290323,"No"
45,24,7590,4.4,1,0,0,1,1,0.300263504611331,"No"
32,21,5390,4.4,0,0,1,0,0,0.10834879406308,"No"
29,14,4640,4,0,0,0,1,1,0.0663793103448276,"No"
36,23,5300,8.7,1,0,0,1,0,0.152830188679245,"No"
41,31,6430,6,0,0,0,1,0,0.187091757387247,"No"
31,16,4970,4.4,1,0,0,1,1,0.0901408450704225,"No"
46,32,21920,6.3,0,0,1,1,1,0.137363138686131,"No"
30,20,5320,3.3,1,0,0,0,1,0.119172932330827,"No"
37,26,6330,5.1,0,0,0,1,0,0.0639810426540284,"No"
29,20,5460,7.7,0,0,1,1,0,0.123992673992674,"No"
44,23,9330,7.9,0,0,0,0,1,0.0660235798499464,"No"
46,19,7290,6.1,0,0,1,1,0,0.066803840877915,"No"
38,20,7100,8,0,0,1,0,0,0.115774647887324,"No"
37,18,5260,7.1,1,0,0,0,0,0.0553231939163498,"No"
26,13,5350,3.5,0,1,0,1,0,0.0330841121495327,"No"
48,38,10490,7,1,0,0,0,0,0.0803622497616778,"No"
48,32,12170,5.8,0,0,0,1,0,0.0542317173377157,"No"
56,36,11940,6.6,0,0,0,0,0,0.144556113902848,"No"
45,26,6860,1.8,0,0,0,1,0,0.074198250728863,"No"
53,32,11290,6.1,1,0,0,0,1,0.0886625332152347,"No"
32,18,6050,6.4,0,1,0,1,0,0.100661157024793,"No"
48,35,23220,4.8,0,0,1,1,0,0.120499569336779,"No"
52,43,16290,4.7,0,1,0,1,1,0.160466543891958,"No"
51,34,13390,3.2,0,0,1,1,0,0.0392830470500373,"No"
32,17,5700,6.5,0,1,0,0,1,0.0559649122807018,"No"
35,18,5510,7.2,1,0,0,0,0,0.0813067150635209,"No"
39,17,8450,3.2,1,0,0,1,0,0.0807100591715976,"No"
31,22,5280,3.6,0,0,1,0,0,0.120643939393939,"No"
27,12,4960,5.2,0,0,0,1,1,0.0342741935483871,"No"
29,15,7870,7.8,1,0,0,1,0,0.0458703939008895,"No"
28,12,4930,5.3,1,0,0,0,0,0.027789046653144,"No"
45,14,5820,3.7,0,0,0,1,0,0.0678694158075601,"No"
50,25,9640,7,0,0,0,1,0,0.0510373443983402,"No"
53,25,8420,3.5,1,0,0,1,1,0.13729216152019,"No"
29,21,8470,5.5,1,0,0,1,1,0.0722550177095632,"No"
44,20,5990,4.8,0,0,0,1,1,0.0752921535893155,"No"
34,21,5660,7.1,0,0,0,1,1,0.0618374558303887,"No"
46,30,9070,3.6,1,0,0,0,0,0.0509371554575524,"No"
40,17,6870,4.4,1,0,0,0,1,0.0545851528384279,"No"
54,36,36070,9,1,0,0,1,0,0.0510950928749653,"No"
49,23,11410,5.9,0,0,0,1,0,0.033216476774759,"No"
33,12,5270,0.4,0,0,0,1,1,0.0544592030360531,"No"
38,17,4990,4.7,0,0,0,1,0,0.141282565130261,"No"
33,20,5110,9.4,0,0,0,1,1,0.0710371819960861,"No"
26,13,4890,2.2,1,0,0,0,1,0.03640081799591,"No"
50,24,5430,2.2,1,0,0,1,1,0.0841620626151013,"No"
43,30,7310,4.8,1,0,0,1,0,0.191792065663475,"No"
26,12,4580,6.6,0,0,0,0,1,0.0934497816593887,"No"
35,28,8250,5.2,0,0,1,0,0,0.0490909090909091,"No"
31,23,5840,5.8,1,0,0,1,0,0.235616438356164,"No"
35,14,10860,4.4,0,0,1,1,0,0.070073664825046,"No"
47,19,7930,4.2,0,0,0,1,0,0.102774274905422,"No"
36,14,5050,4.1,0,0,0,1,0,0.0495049504950495,"No"
41,32,7630,5,0,0,1,1,0,0.0318479685452163,"No"
52,30,9800,5.4,1,0,0,1,0,0.256530612244898,"No"
37,29,9510,4.2,1,0,0,1,1,0.0400630914826498,"No"
29,21,5540,4.1,1,0,0,0,1,0.0496389891696751,"No"
38,26,7670,4.3,1,0,0,1,1,0.0956975228161669,"No"
31,12,7240,10.4,0,0,0,0,0,0.114226519337017,"No"
41,17,5860,2.5,1,0,0,1,0,0.0646757679180887,"No"
28,14,5910,6.3,1,0,0,1,0,0.0959390862944162,"No"
42,32,11050,5.5,0,0,0,1,0,0.12316742081448,"No"
46,29,9610,5.1,0,0,1,1,1,0.0808532778355879,"No"
39,28,7240,7.2,0,1,0,1,1,0.0310773480662983,"No"
45,16,6620,8.3,0,0,0,1,0,0.125377643504532,"No"
25,13,4410,4,1,0,0,0,1,0.0732426303854875,"No"
52,40,10830,2.3,0,0,0,1,0,0.043859649122807,"No"
23,12,5120,7.7,0,0,0,0,0,0.0943359375,"No"
42,27,8300,5.6,1,0,0,0,0,0.240843373493976,"No"
44,23,7320,5,1,0,0,1,1,0.0377049180327869,"No"
35,21,7280,2.4,1,0,0,1,0,0.111675824175824,"No"
32,20,5050,5.1,0,0,0,1,0,0.191683168316832,"No"
51,23,6680,7.2,1,0,0,1,0,0.0922155688622754,"No"
23,14,4520,1.4,0,0,1,1,1,0.0464601769911504,"No"
42,26,15070,7.1,1,0,0,0,0,0.0747843397478434,"No"
52,39,10640,3.5,1,0,0,1,0,0.0399436090225564,"No"
50,41,21470,3,0,0,1,1,1,0.00149045179319981,"No"
36,17,7050,7.6,0,0,1,1,1,0.0171631205673759,"No"
25,16,5510,3,1,0,0,0,1,0.138838475499093,"No"
53,23,6690,6.8,1,0,0,0,1,0.0460388639760837,"No"
35,22,7290,1,1,0,0,0,0,0.117969821673525,"No"
35,22,5240,8.2,0,0,0,0,0,0.0683206106870229,"No"
26,14,5270,5.9,1,0,0,0,1,0.0294117647058824,"No"
33,21,5480,5.7,0,0,1,1,1,0.093978102189781,"No"
38,17,5460,3.2,1,0,0,1,0,0.0695970695970696,"No"
39,19,7990,2.5,0,1,0,1,1,0.120400500625782,"No"
33,26,5970,3.1,0,1,0,1,1,0.104690117252931,"No"
52,26,12040,1.3,0,0,0,0,1,0.201578073089701,"No"
34,15,4680,4.7,0,1,0,0,0,0.0775641025641026,"No"
39,32,11720,8.1,0,0,0,1,1,0.219027303754266,"No"
39,24,7240,4.7,0,0,0,1,0,0.301933701657459,"No"
35,19,5180,4.2,1,0,0,1,1,0.137837837837838,"No"
48,23,7650,3.5,1,0,0,1,1,0.100130718954248,"No"
53,39,13780,2.1,0,0,0,1,0,0.0365747460087083,"No"
42,18,5660,3.1,1,0,0,0,1,0.118727915194346,"No"
26,13,5100,2.5,1,0,0,0,1,0.155294117647059,"No"
36,21,9190,5.3,0,0,1,1,0,0.0524483133841132,"No"
39,12,6300,8.4,0,0,1,1,1,0.0807936507936508,"No"
40,20,16240,5.4,1,0,0,1,0,0.0616995073891626,"No"
32,21,5590,6.8,0,0,0,1,1,0.0468694096601073,"No"
44,26,7420,1.5,0,0,1,1,0,0.0169811320754717,"No"
55,38,26410,2.8,0,0,0,0,0,0.0765997728133283,"No"
51,23,7530,5.5,0,0,1,1,0,0.0379814077025232,"No"
39,14,7490,2.9,0,0,0,1,1,0.0497997329773031,"No"
48,29,14120,6,0,0,1,0,0,0.131940509915014,"No"
41,33,9380,5.2,0,0,1,1,1,0.0534115138592751,"No"
40,22,9680,5.1,1,0,0,1,0,0.0745867768595041,"No"
31,16,5060,6,0,0,1,1,1,0.0304347826086957,"No"
32,19,6540,4.6,0,1,0,1,1,0.0744648318042813,"No"
48,23,10610,6.8,0,0,0,1,1,0.0194156456173421,"No"
51,29,9070,1.6,1,0,0,1,1,0.0791620727673649,"No"
44,23,5990,7.6,1,0,0,1,0,0.074457429048414,"No"
38,20,6830,5.9,1,0,0,1,0,0.0923865300146413,"No"
47,18,6130,10.7,0,0,1,0,1,0.0709624796084829,"No"
29,13,5930,4.6,0,0,1,1,0,0.107251264755481,"No"
44,24,8160,8.4,0,1,0,0,0,0.125,"No"
37,18,5800,7.6,1,0,0,0,0,0.198793103448276,"No"
30,16,5360,7.9,1,0,0,1,0,0.175186567164179,"No"
32,13,5480,4.1,0,1,0,1,0,0.0131386861313869,"No"
36,15,5750,2.7,1,0,0,1,0,0.0321739130434783,"No"
39,22,6020,3.3,1,0,0,0,0,0.198338870431894,"No"
38,18,6150,5.6,0,0,0,1,0,0.043739837398374,"No"
28,14,5500,4,0,0,1,0,1,0.0683636363636364,"No"
46,16,5320,3.8,0,0,1,1,0,0.0642857142857143,"No"
34,21,7240,2.2,0,0,0,1,0,0.151657458563536,"No"
58,46,17180,6.7,0,0,0,1,0,0.0116996507566938,"No"
26,16,4710,2.7,1,0,0,0,0,0.0299363057324841,"No"
38,19,9380,6.5,0,0,0,0,0,0.0167377398720682,"No"
35,19,5890,4.4,0,0,1,0,1,0.0755517826825127,"No"
25,13,4850,3,1,0,0,1,0,0.178969072164948,"No"
39,29,11310,3.2,1,0,0,1,0,0.198054818744474,"No"
46,26,6630,4.7,0,0,0,0,0,0.0656108597285068,"No"
46,16,6160,3.5,0,0,1,1,0,0.163149350649351,"No"
57,46,19560,5.2,0,0,0,1,1,0.0472903885480573,"No"
45,31,13000,0.3,1,0,0,1,0,0.0123846153846154,"No"
50,16,5660,6.4,0,0,1,0,1,0.0662544169611307,"No"
28,12,6610,4.4,1,0,0,0,1,0.136762481089259,"No"
26,15,5120,6.7,0,0,0,1,0,0.1111328125,"No"
35,20,6400,5.7,1,0,0,1,0,0.015,"No"
29,13,5410,7.3,0,0,0,0,0,0.0286506469500924,"No"
26,15,5090,1.6,0,0,1,1,0,0.0355599214145383,"No"
42,23,7350,2.1,1,0,0,0,0,0.0829931972789116,"No"
39,29,10330,0.4,0,0,0,0,0,0.119941916747338,"No"
40,28,6090,0.1,1,0,0,1,0,0.096551724137931,"No"
27,12,5900,6.5,1,0,0,0,1,0.0716949152542373,"No"
59,30,8190,4.1,1,0,0,1,0,0.0347985347985348,"No"
26,13,4450,4.1,1,0,0,1,1,0.050561797752809,"No"
37,23,6080,4.8,0,0,1,1,0,0.0804276315789474,"No"
46,12,4630,5.7,0,0,0,1,0,0.0717062634989201,"No"
31,17,5750,8.9,0,0,1,1,1,0.0234782608695652,"No"
43,20,6140,3.4,0,1,0,1,0,0.0381107491856678,"No"
37,15,6530,7.5,0,0,1,0,0,0.0330781010719755,"No"
36,29,8310,5.8,1,0,0,1,0,0.222382671480144,"No"
29,15,4670,2.9,0,1,0,1,1,0.228693790149893,"No"
38,28,6470,1.8,0,0,0,1,0,0.0802163833075734,"No"
37,19,5550,4.3,1,0,0,0,0,0.100900900900901,"No"
37,24,7630,8,1,0,0,0,0,0.0258191349934469,"No"
37,20,5860,5.6,1,0,0,1,1,0.0448805460750853,"No"
36,29,8270,5.7,1,0,0,1,1,0.10689238210399,"No"
37,23,7640,6,1,0,0,0,0,0.176439790575916,"No"
48,38,10640,1.6,1,0,0,1,1,0.11203007518797,"No"
48,35,9910,5.4,0,1,0,0,0,0.0813319878910192,"No"
33,15,5620,5.5,0,0,0,0,1,0.0533807829181495,"No"
36,12,5730,5.3,1,0,0,0,1,0.203664921465969,"No"
48,28,17400,1.7,0,0,0,1,0,0.10448275862069,"No"
42,25,7310,4.3,0,0,1,1,0,0.170588235294118,"No"
39,32,9130,7.8,1,0,0,1,1,0.0914567360350493,"No"
37,15,5440,4.5,0,1,0,0,0,0.0154411764705882,"No"
33,19,6230,3.1,1,0,0,1,1,0.0975922953451043,"No"
40,12,4740,5.2,0,1,0,0,0,0.0964135021097046,"No"
33,20,4920,8.4,0,0,0,0,0,0.0404471544715447,"No"
28,18,5220,7.2,0,0,0,0,1,0.0703065134099617,"No"
27,13,4760,5.1,0,0,0,0,0,0.0649159663865546,"No"
28,14,5340,5.4,1,0,0,0,1,0.0971910112359551,"No"
28,16,5490,5.7,1,0,0,0,0,0.014936247723133,"No"
34,12,4810,5,1,0,0,0,1,0.141580041580042,"No"
28,19,6080,5.5,0,1,0,1,0,0.0381578947368421,"No"
35,23,6450,7.4,0,0,0,1,0,0.0527131782945736,"No"
31,13,4760,6.7,0,0,0,1,1,0.186554621848739,"No"
32,21,6140,3.9,0,0,1,1,0,0.0817589576547231,"No"
32,12,4590,4.6,1,0,0,1,0,0.0485838779956427,"No"
42,13,5810,2.3,1,0,0,0,0,0.0502581755593804,"No"
34,18,9780,5.6,0,0,0,1,0,0.139979550102249,"No"
32,23,5710,4.1,0,0,0,1,1,0.069877408056042,"No"
26,15,5250,8.1,1,0,0,0,1,0.149714285714286,"No"
40,24,11390,2.5,1,0,0,1,0,0.168393327480246,"No"
26,15,5770,4.3,0,0,1,1,0,0.17105719237435,"No"
25,18,4970,7.2,0,0,1,0,0,0.0203219315895372,"No"
36,19,11730,1.7,1,0,0,1,1,0.118840579710145,"No"
37,13,5630,4.2,0,1,0,1,0,0.0493783303730018,"No"
46,14,5470,4.8,0,0,1,0,0,0.0155393053016453,"No"
32,16,5010,6,0,0,0,0,0,0.110778443113772,"No"
29,19,5470,7.9,1,0,0,1,0,0.00402193784277879,"No"
35,14,4950,5.5,1,0,0,0,0,0.0113131313131313,"No"
29,13,5350,3.3,0,0,1,1,1,0.085981308411215,"No"
40,19,8050,8.1,1,0,0,1,0,0.055527950310559,"No"
37,23,6770,5.3,1,0,0,0,0,0.0367799113737075,"No"
44,13,5680,5.8,1,0,0,1,0,0.226056338028169,"No"
27,13,5540,2.5,1,0,0,1,1,0.11841155234657,"No"
36,26,8130,3.3,1,0,0,1,0,0.198031980319803,"No"
41,22,6220,1.3,1,0,0,0,0,0.102893890675241,"No"
31,20,5750,5.6,1,0,0,0,0,0.0528695652173913,"No"
54,30,10940,5.4,0,1,0,0,1,0.03345521023766,"No"
49,12,9250,3,0,0,1,1,1,0.124324324324324,"No"
60,23,6980,5,0,0,0,1,0,0.0946991404011461,"No"
51,24,5430,7.1,0,0,1,1,1,0.0845303867403315,"No"
30,22,6330,6.7,0,0,0,0,1,0.170774091627172,"No"
40,13,5550,4.3,1,0,0,1,0,0.0418018018018018,"No"
30,12,6410,3,1,0,0,1,0,0.0134165366614665,"No"
45,38,9040,3.3,0,0,1,1,1,0.198008849557522,"No"
35,22,7270,3.9,1,0,0,1,1,0.203163686382393,"No"
34,15,14520,8,0,0,0,0,0,0.0660468319559229,"No"
34,20,8520,5.1,0,0,1,0,1,0.022887323943662,"No"
30,19,5090,7.6,0,1,0,1,0,0.0772102161100196,"No"
38,28,10600,2,1,0,0,1,0,0.0681132075471698,"No"
49,33,11550,9.9,0,0,0,0,1,0.0951515151515152,"No"
28,21,7510,3.4,0,1,0,1,1,0.0846870838881491,"No"
35,22,7020,9.1,1,0,0,1,1,0.0572649572649573,"No"
50,30,18970,4.9,1,0,0,1,1,0.12598840274117,"No"
40,23,8360,5.1,0,0,0,1,0,0.00921052631578947,"No"
53,33,8310,8,0,0,0,0,1,0.0464500601684717,"No"
26,17,5040,5.8,1,0,0,1,0,0.111706349206349,"No"
57,33,11820,4.3,0,0,1,1,0,0.0572758037225042,"No"
55,43,25510,4.5,0,0,0,1,0,0.0249705997647981,"No"
38,27,9590,4.8,0,0,0,0,1,0.0496350364963504,"No"
48,25,6200,1.4,1,0,0,1,0,0.116290322580645,"No"
42,16,6480,7.1,0,0,0,1,0,0.0697530864197531,"No"
35,12,5030,6.7,0,1,0,1,0,0.118290258449304,"No"
52,33,9490,5.8,1,0,0,1,1,0.0408851422550053,"No"
33,19,8540,1.8,0,0,0,0,1,0.0396955503512881,"No"
43,32,10050,6.2,0,0,1,0,0,0.171542288557214,"No"
49,13,5470,5.3,0,0,1,0,0,0.0678244972577697,"No"
33,26,6470,3.3,1,0,0,0,1,0.039258114374034,"No"
30,15,5190,1.8,0,0,0,1,1,0.139691714836224,"No"
48,32,14860,7.3,0,0,0,0,1,0.169380888290713,"No"
48,31,9810,7.3,0,0,1,1,1,0.0745158002038736,"No"
44,22,6310,2.4,1,0,0,1,0,0.06513470681458,"No"
27,15,6800,0.7,1,0,0,0,0,0.0835294117647059,"No"
30,16,6800,3.1,1,0,0,1,1,0.0694117647058824,"No"
43,19,8300,7.1,0,0,1,1,1,0.0486746987951807,"No"
48,29,19050,2.2,1,0,0,1,0,0.115748031496063,"No"
41,33,7860,4,0,1,0,1,0,0.0790076335877863,"No"
46,25,6660,1.7,1,0,0,0,0,0.107357357357357,"No"
52,45,26960,8.7,0,0,0,1,0,0.122774480712166,"No"
26,19,5580,8.4,0,1,0,1,0,0.0614695340501792,"No"
39,29,10290,0.2,0,0,1,0,0,0.0220602526724976,"No"
45,18,7240,8.6,0,0,1,1,1,0.16878453038674,"No"
52,17,5490,7.6,0,0,1,1,1,0.0819672131147541,"No"
37,29,9350,7,1,0,0,1,1,0.0610695187165775,"No"
32,17,4750,3.9,0,1,0,1,0,0.0808421052631579,"No"
32,17,7040,2.4,1,0,0,1,0,0.112784090909091,"No"
25,13,4520,5.6,0,0,0,1,1,0.0827433628318584,"No"
39,16,6060,6.2,0,0,0,1,1,0.0166666666666667,"No"
36,12,5360,4.9,1,0,0,1,1,0.094589552238806,"No"
31,12,4720,5.6,0,0,1,0,1,0.0911016949152542,"No"
51,35,15630,5.6,1,0,0,1,1,0.110044785668586,"No"
34,25,7430,8.8,0,1,0,0,0,0.0230148048452221,"No"
30,20,4960,4.3,0,0,1,0,0,0.0320564516129032,"No"
34,24,6370,6.1,1,0,0,1,0,0.0675039246467818,"No"
50,33,17930,4.9,1,0,0,1,0,0.126770775237033,"No"
34,22,7830,1.5,1,0,0,1,0,0.0721583652618135,"No"
47,25,5780,6.7,0,1,0,0,0,0.144463667820069,"No"
44,22,7680,8.4,0,0,1,1,1,0.0470052083333333,"No"
38,30,6360,6.8,0,0,1,1,0,0.210691823899371,"No"
50,41,13640,5.5,0,0,0,1,0,0.294941348973607,"No"
34,15,4690,5.4,1,0,0,1,1,0.136247334754797,"No"
50,23,7780,0.2,0,0,1,0,1,0.0715938303341902,"No"
40,13,5540,1.9,1,0,0,0,0,0.195667870036101,"No"
30,18,5330,6,1,0,0,1,0,0.0889305816135084,"No"
47,13,5950,3.7,0,1,0,1,0,0.0934453781512605,"No"
45,21,5110,1.2,1,0,0,1,0,0.0354207436399217,"No"
50,24,7240,8,0,0,0,0,0,0.0856353591160221,"No"
33,17,5030,1.6,1,0,0,0,1,0.170974155069582,"No"
30,14,4920,0.6,1,0,0,0,1,0.0855691056910569,"No"
39,20,5140,5.9,1,0,0,1,0,0.0428015564202335,"No"
39,15,5330,5.5,1,0,0,1,1,0.168667917448405,"No"
32,23,5960,4.7,0,1,0,1,0,0.00369127516778523,"No"
51,13,6200,3.3,1,0,0,1,0,0.0579032258064516,"No"
27,18,4530,2.9,0,0,0,1,1,0.0578366445916115,"No"
57,24,9740,4.7,1,0,0,1,0,0.11694045174538,"No"
29,17,6670,3.3,0,0,1,1,0,0.160869565217391,"No"
39,20,10490,4.2,1,0,0,1,1,0.124213536701621,"No"
34,20,6650,7.7,1,0,0,1,1,0.171578947368421,"No"
33,17,5160,2.1,1,0,0,1,0,0.0732558139534884,"No"
40,12,7480,5.5,0,0,1,0,0,0.12379679144385,"No"
45,32,8880,7.3,1,0,0,1,0,0.150563063063063,"No"
42,14,5650,6,0,0,1,1,1,0.0828318584070796,"No"
32,22,5620,1.9,1,0,0,1,0,0.0802491103202847,"No"
33,18,7690,6.1,1,0,0,0,0,0.12704811443433,"No"
43,23,7270,1.8,0,0,1,1,1,0.109078404401651,"No"
38,18,6540,3.4,1,0,0,0,1,0.151834862385321,"No"
40,30,7820,1.8,0,0,1,0,1,0.112404092071611,"No"
48,29,8650,3.4,1,0,0,1,0,0.115953757225434,"No"
25,14,5670,5.2,0,0,0,0,0,0.0502645502645503,"No"
36,13,5510,8,0,1,0,1,1,0.0295825771324864,"No"
45,27,7430,4.6,0,1,0,0,1,0.0761776581426649,"No"
33,18,5460,5.1,1,0,0,0,0,0.0360805860805861,"No"
42,19,9890,9.7,1,0,0,0,0,0.061577350859454,"No"
29,21,5800,5.3,1,0,0,1,0,0.190689655172414,"No"
29,14,5270,7.7,1,0,0,0,0,0.0703984819734345,"No"
41,26,6700,3.9,1,0,0,0,0,0.0767164179104478,"No"
45,20,5170,1.3,0,0,1,1,1,0.0475822050290135,"No"
41,19,5810,5.7,0,0,0,0,0,0.0500860585197935,"No"
45,14,5850,1.1,0,1,0,1,0,0.0372649572649573,"No"
42,27,7570,2.1,1,0,0,1,1,0.0620871862615588,"No"
33,18,5040,6.6,0,0,0,0,1,0.0779761904761905,"No"
48,24,18040,4.2,0,0,1,1,0,0.0447893569844789,"No"
44,36,17410,5.6,0,0,1,0,0,0.116599655370477,"No"
40,19,6980,5.4,1,0,0,1,1,0.142836676217765,"No"
36,17,5280,3.5,1,0,0,1,0,0.197159090909091,"No"
43,18,5650,3.7,0,1,0,1,1,0.0700884955752212,"No"
39,12,7780,5.7,1,0,0,0,0,0.0406169665809769,"No"
34,12,5220,4.7,1,0,0,1,1,0.0222222222222222,"No"
47,37,11400,8.9,1,0,0,1,0,0.157368421052632,"No"
37,30,6260,3.5,0,0,1,0,0,0.010223642172524,"No"
44,36,13030,6.1,0,0,1,1,0,0.121335379892556,"No"
39,32,6830,2.3,1,0,0,1,0,0.0506588579795022,"No"
39,13,7400,6.4,0,0,1,1,0,0.0240540540540541,"No"
41,18,11370,7.8,0,0,1,0,0,0.0920844327176781,"No"
45,23,7170,5.6,1,0,0,1,1,0.0184100418410042,"No"
41,30,8170,3.7,0,1,0,1,0,0.0984088127294982,"No"
31,17,7220,5.2,0,0,1,0,1,0.0416897506925208,"No"
31,15,7060,4.6,1,0,0,1,0,0.0458923512747875,"No"
47,13,6020,3.9,0,0,1,1,1,0.0242524916943522,"No"
46,24,5880,3.4,0,0,1,1,0,0.0727891156462585,"No"
24,17,4740,4.1,0,0,1,1,1,0.0850210970464135,"No"
41,21,6990,2.8,1,0,0,1,0,0.152360515021459,"No"
42,25,6340,8.2,0,0,0,0,1,0.163880126182965,"No"
39,25,6020,6.3,0,0,0,0,1,0.0696013289036545,"No"
46,18,8070,6.2,0,0,1,0,1,0.08909541511772,"No"
30,23,6200,4.2,0,0,1,1,0,0.107258064516129,"No"
36,20,5690,1.8,0,0,1,1,1,0.0687170474516696,"No"
44,22,7220,1.1,1,0,0,1,1,0.0948753462603878,"No"
36,29,11870,6.5,1,0,0,1,0,0.0853411962931761,"No"
51,16,5890,5,0,0,0,1,1,0.0166383701188455,"No"
45,35,11090,9.3,1,0,0,1,1,0.100090171325518,"No"
35,28,6530,0.3,1,0,0,0,0,0.0376722817764165,"No"
28,15,5730,5.3,0,0,0,0,0,0.115532286212914,"No"
34,15,4870,2.4,0,1,0,0,0,0.0726899383983573,"No"
47,24,9020,5.8,0,1,0,1,0,0.102771618625277,"No"
49,17,7550,7,1,0,0,0,1,0.0837086092715232,"No"
40,23,6260,3.3,1,0,0,0,0,0.211980830670927,"No"
33,23,8910,7.6,0,0,0,0,0,0.0411896745230079,"No"
44,19,6440,0.5,0,1,0,1,0,0.136180124223602,"No"
29,15,7110,4,1,0,0,0,1,0.070182841068917,"No"
32,14,5720,5.9,0,0,1,0,0,0.0695804195804196,"No"
33,17,5440,3,1,0,0,1,0,0.0347426470588235,"No"
31,20,5430,4,0,0,1,1,1,0.0701657458563536,"No"
29,19,6760,8,1,0,0,1,1,0.0297337278106509,"No"
39,24,9450,3.8,1,0,0,0,0,0.0775661375661376,"No"
44,31,10260,5.9,0,0,0,1,0,0.15906432748538,"No"
34,14,8230,3.1,0,0,1,0,1,0.0969623329283111,"No"
46,29,6700,1.1,1,0,0,1,1,0.0434328358208955,"No"
58,27,20010,6.7,0,0,0,0,1,0.0745627186406797,"No"
27,16,6260,1.3,0,0,0,1,1,0.0886581469648562,"No"
35,24,7740,0.9,1,0,0,0,0,0.0208010335917313,"No"
36,27,6870,1.7,0,0,0,0,0,0.0985443959243086,"No"
44,28,19110,2.3,0,0,1,1,1,0.014756671899529,"No"
40,31,9030,6.1,1,0,0,1,1,0.0880398671096345,"No"
38,24,7210,5.2,1,0,0,1,0,0.092371705963939,"No"
43,25,6770,5.4,0,0,1,1,1,0.0846381093057607,"No"
45,22,7250,3.4,0,0,0,1,0,0.0624827586206897,"No"
46,31,7680,5.8,1,0,0,1,0,0.113802083333333,"No"
40,26,7060,7.2,1,0,0,1,0,0.0291784702549575,"No"
44,12,5100,4.2,1,0,0,1,1,0.103921568627451,"No"
49,26,6650,7.3,0,0,0,0,1,0.046015037593985,"No"
23,12,4650,7.5,0,1,0,0,0,0.0283870967741936,"No"
32,18,5590,7.7,0,1,0,1,1,0.070304114490161,"No"
40,23,7810,4.6,1,0,0,1,0,0.0526248399487836,"No"
44,34,10020,6.7,1,0,0,0,1,0.124650698602794,"No"
41,27,9840,3.7,0,0,1,1,1,0.121443089430894,"No"
38,20,5480,4.3,0,1,0,1,1,0.169160583941606,"No"
40,19,5870,0.3,0,0,1,1,0,0.0132879045996593,"No"
47,38,12360,4.4,1,0,0,1,0,0.027831715210356,"No"
34,17,5780,5,1,0,0,0,0,0.0965397923875432,"No"
41,20,5640,4.7,1,0,0,0,1,0.105851063829787,"No"
38,24,7160,4,0,0,1,0,1,0.128491620111732,"No"
38,18,7310,2.1,0,0,0,1,1,0.027906976744186,"No"
26,17,4790,6.6,0,1,0,1,0,0.0325678496868476,"No"
53,12,9240,1.5,1,0,0,1,1,0.201190476190476,"No"
27,20,6020,5.7,0,0,0,1,1,0.0950166112956811,"No"
37,30,7300,4.4,0,0,0,0,0,0.154520547945205,"No"
28,12,4900,6.9,0,1,0,1,1,0.15734693877551,"No"
37,16,7080,4.2,0,0,0,1,1,0.150282485875706,"No"
42,27,6790,6.7,0,0,0,0,1,0.0471281296023564,"No"
31,19,6850,4.3,1,0,0,0,1,0.0547445255474453,"No"
39,14,6120,7.2,0,0,1,0,1,0.0233660130718954,"No"
46,15,6910,8,0,0,0,1,0,0.0125904486251809,"No"
31,19,7270,4.1,0,0,0,1,0,0.114855570839065,"No"
29,16,5000,5.5,1,0,0,0,0,0.006,"No"
41,23,8590,5.2,0,0,1,1,0,0.0871944121071013,"No"
41,20,10710,1.6,1,0,0,1,0,0.0323996265172736,"No"
32,16,4860,6.6,0,0,1,0,0,0.0376543209876543,"No"
40,24,6710,5.2,0,0,0,1,0,0.0646795827123696,"No"
35,19,5740,6.2,0,0,0,1,0,0.0402439024390244,"No"
36,28,8570,3.6,1,0,0,1,0,0.0810968494749125,"No"
27,15,6920,3.6,1,0,0,0,0,0.107369942196532,"No"
34,13,6400,3.9,0,0,0,1,0,0.0196875,"No"
54,32,17560,7.2,1,0,0,1,0,0.0545558086560364,"No"
35,15,4670,9,0,0,0,1,0,0.0850107066381156,"No"
36,27,9870,2.7,1,0,0,1,0,0.0216818642350557,"No"
40,33,12380,6.3,1,0,0,1,1,0.0425686591276252,"No"
36,21,11440,9,0,0,0,1,0,0.108916083916084,"No"
29,17,4760,2.3,0,0,1,1,0,0.0430672268907563,"No"
51,33,27830,5.7,0,0,0,1,1,0.0397772188286022,"No"
36,16,5020,4.4,1,0,0,1,1,0.0318725099601594,"No"
56,43,16170,6.6,0,1,0,1,0,0.0586889301175015,"No"
35,23,7620,10,1,0,0,0,1,0.119291338582677,"No"
41,14,5410,7.8,1,0,0,0,0,0.107948243992606,"No"
35,16,5740,3.5,1,0,0,0,0,0.0156794425087108,"No"
58,31,9660,6,0,0,0,1,1,0.0687370600414079,"No"
39,27,6310,4.1,1,0,0,1,0,0.105705229793978,"No"
43,18,6260,6.8,0,0,1,1,0,0.0547923322683706,"No"
32,16,5390,6.1,1,0,0,1,1,0.136178107606679,"No"
35,23,11810,7.5,0,1,0,1,0,0.0668924640135478,"No"
41,24,5760,2.6,0,1,0,1,1,0.101041666666667,"No"
47,17,6310,4,0,0,1,1,0,0.144215530903328,"No"
40,30,9380,6.7,0,0,0,1,1,0.182835820895522,"No"
40,20,9620,4.4,0,1,0,1,0,0.0369022869022869,"No"
32,16,5750,3.4,1,0,0,1,1,0.0671304347826087,"No"
49,30,8410,4.2,0,1,0,0,1,0.0819262782401902,"No"
33,21,7320,6.3,0,0,0,1,0,0.12896174863388,"No"
34,14,4990,4,0,0,0,1,1,0.103206412825651,"No"
39,23,9910,3.4,1,0,0,0,1,0.150857719475277,"No"
42,19,4970,4.4,0,0,0,0,0,0.0645875251509054,"No"
46,23,6690,7.9,0,0,0,1,0,0.13288490284006,"No"
51,34,21690,6.3,1,0,0,1,0,0.076855693868142,"No"
49,32,20190,5.7,0,0,1,1,1,0.0626547795938583,"No"
27,13,5860,7.5,0,0,0,1,1,0.0581911262798635,"No"
31,20,6800,4.7,1,0,0,1,1,0.135588235294118,"No"
40,17,5000,3.7,0,1,0,1,1,0.1056,"No"
40,27,14540,3.2,1,0,0,0,0,0.0810866574965612,"No"
36,22,4750,4,0,0,0,1,0,0.0484210526315789,"No"
39,29,6330,6.1,0,0,0,1,0,0.149447077409163,"No"
45,20,7260,5,1,0,0,1,0,0.0756198347107438,"No"
40,21,6400,2,0,0,0,1,0,0.0521875,"No"
40,25,6850,8.2,1,0,0,1,0,0.058978102189781,"No"
34,16,5350,5.3,0,1,0,1,1,0.0695327102803738,"No"
36,25,11120,6.1,0,0,1,1,0,0.0361510791366906,"No"
30,21,5980,4,0,0,0,0,1,0.0593645484949833,"No"
47,39,10610,5.2,1,0,0,1,1,0.0184731385485391,"No"
39,31,7310,6.9,1,0,0,0,1,0.0222982216142271,"No"
43,28,7340,5.9,0,0,1,0,1,0.10858310626703,"No"
44,16,5400,6.3,0,0,0,1,1,0.11962962962963,"Yes"
28,16,4710,4.3,0,0,1,1,0,0.0692144373673036,"Yes"
34,20,8710,4.1,0,1,0,0,1,0.19150401836969,"Yes"
28,15,5950,4.2,1,0,0,1,0,0.103697478991597,"Yes"
35,16,6530,4.7,0,0,0,1,1,0.0517611026033691,"Yes"
37,12,5430,5.2,0,1,0,1,0,0.106629834254144,"Yes"
34,16,6410,5.2,0,0,1,1,1,0.192823712948518,"Yes"
29,18,5750,4.8,0,0,0,0,0,0.0523478260869565,"Yes"
35,19,4910,5.3,1,0,0,1,1,0.158655804480652,"Yes"
36,16,6510,0.4,0,1,0,1,0,0.198463901689708,"Yes"
29,14,8010,1.4,1,0,0,1,1,0.0249687890137328,"Yes"
43,16,5650,3.6,0,1,0,1,0,0.154690265486726,"Yes"
35,14,7380,4.9,0,0,0,1,1,0.07289972899729,"Yes"
36,24,8530,2.7,0,0,0,1,1,0.165298944900352,"Yes"
34,19,5650,6,0,1,0,1,0,0.330442477876106,"Yes"
43,16,5160,5.1,0,1,0,1,0,0.107558139534884,"Yes"
28,14,4810,3.3,0,0,1,1,1,0.27006237006237,"Yes"
30,19,5190,3.8,1,0,0,1,1,0.0826589595375723,"Yes"
26,13,5030,5.7,0,0,1,0,1,0.217097415506958,"Yes"
42,26,8660,5.2,1,0,0,1,1,0.197459584295612,"Yes"
41,12,5210,4.4,0,1,0,0,0,0.0285988483685221,"Yes"
30,13,5310,3.1,0,1,0,1,1,0.178907721280603,"Yes"
48,37,11020,7.2,0,1,0,1,1,0.258711433756806,"Yes"
38,18,5850,5.9,0,0,1,1,0,0.24,"Yes"
32,13,10770,2,0,1,0,0,0,0.13008356545961,"Yes"
37,14,4770,2.6,1,0,0,0,0,0.00461215932914046,"Yes"
29,15,5150,9.7,1,0,0,1,1,0.106019417475728,"Yes"
32,14,6250,6.9,0,1,0,1,0,0.088,"Yes"
27,15,5080,4.5,0,1,0,0,0,0.118503937007874,"Yes"
42,13,5610,5.8,0,1,0,1,0,0.219429590017825,"Yes"
28,17,6140,1.1,0,1,0,0,0,0.223778501628665,"Yes"
32,13,4610,4,0,1,0,1,1,0.0550976138828633,"Yes"
36,12,5480,5.7,0,1,0,0,0,0.202554744525547,"Yes"
33,12,5000,4.5,0,1,0,1,1,0.0462,"Yes"
34,23,9560,5.6,0,0,1,1,1,0.128556485355649,"Yes"
30,15,10080,2.3,0,0,1,1,0,0.103373015873016,"Yes"
26,19,5140,5.2,0,0,0,1,0,0.163813229571984,"Yes"
27,17,5000,0.1,0,0,1,0,0,0.0574,"Yes"
27,13,4330,3.5,0,0,1,0,1,0.153348729792148,"Yes"
48,25,10640,8.1,0,1,0,1,1,0.282330827067669,"Yes"
40,16,5630,5.3,0,1,0,1,0,0.0367673179396092,"Yes"
33,25,5790,2.1,0,1,0,1,0,0.272711571675302,"Yes"
33,20,7920,4.1,0,0,1,0,0,0.15530303030303,"Yes"
31,12,5530,4.6,1,0,0,1,1,0.0911392405063291,"Yes"
50,29,14830,4.1,0,1,0,1,0,0.208293998651382,"Yes"
27,13,4790,3.6,0,0,1,1,0,0.278288100208768,"Yes"
28,12,4480,7,0,1,0,1,1,0.132142857142857,"Yes"
25,13,5500,1.8,1,0,0,0,0,0.223636363636364,"Yes"
36,13,4750,2,0,1,0,0,1,0.173263157894737,"Yes"
33,16,7120,10,0,0,1,0,0,0.172191011235955,"Yes"
24,12,5630,7.1,0,0,0,0,0,0.152220248667851,"Yes"
25,14,5340,3.7,0,0,0,1,0,0.103558052434457,"Yes"
35,17,5000,8.6,0,0,1,0,0,0.1512,"Yes"
45,31,11350,0.7,0,0,1,1,0,0.102378854625551,"Yes"
32,17,4920,6.4,0,0,1,1,1,0.234349593495935,"Yes"
38,16,6750,6.7,0,1,0,0,1,0.137481481481481,"Yes"
24,12,4210,6.3,0,0,1,1,0,0.270071258907363,"Yes"
26,14,8670,2.7,0,0,1,1,0,0.0730103806228374,"Yes"
40,15,8120,1.3,1,0,0,0,0,0.108990147783251,"Yes"
37,14,6350,4.8,1,0,0,0,0,0.128188976377953,"Yes"
43,27,7270,10,0,1,0,1,0,0.0804676753782669,"Yes"
39,14,6300,9.3,0,0,1,0,1,0.163968253968254,"Yes"
48,14,5510,4.6,0,0,0,1,1,0.13448275862069,"Yes"
30,12,5240,4.3,0,1,0,1,0,0.161450381679389,"Yes"
27,15,5160,2.4,0,1,0,1,0,0.0207364341085271,"Yes"
38,18,5060,9.2,0,0,1,0,1,0.191304347826087,"Yes"
29,12,4560,1.3,0,0,1,1,1,0.134429824561404,"Yes"
45,12,5080,4.5,0,1,0,0,0,0.173425196850394,"Yes"
26,18,5270,3.8,1,0,0,1,1,0.173624288425047,"Yes"
39,17,6920,1.8,0,1,0,1,0,0.203612716763006,"Yes"
44,14,5270,8.6,0,1,0,0,0,0.0958254269449715,"Yes"
25,17,5110,6.8,0,0,1,1,0,0.0886497064579256,"Yes"
40,12,8740,3.5,0,1,0,1,0,0.0282608695652174,"Yes"
29,15,6280,4.7,0,1,0,0,0,0.111624203821656,"Yes"
54,19,6570,4,0,0,1,1,0,0.0637747336377473,"Yes"
45,19,7610,6,0,0,1,1,0,0.185939553219448,"Yes"
29,15,5070,6.4,0,0,0,1,0,0.122879684418146,"Yes"
38,16,10030,8.1,0,0,1,1,0,0.0704885343968096,"Yes"
27,16,5040,3.1,0,1,0,1,0,0.0196428571428571,"Yes"
39,15,10410,3.4,0,0,1,0,0,0.145437079731028,"Yes"
24,14,5010,5.9,1,0,0,0,0,0.137724550898204,"Yes"
48,19,18270,5.5,1,0,0,1,0,0.137547892720307,"Yes"
32,14,4650,8.5,0,1,0,1,1,0.179354838709677,"Yes"
28,17,5080,4.2,1,0,0,1,1,0.166338582677165,"Yes"
50,35,10810,6.1,0,1,0,1,0,0.0238667900092507,"Yes"
31,17,6350,3.6,0,1,0,1,0,0.105511811023622,"Yes"
29,20,4940,3.8,0,0,1,1,0,0.294534412955466,"Yes"
31,13,5480,5.3,0,0,1,1,1,0.0877737226277372,"Yes"
40,12,4750,4.1,0,0,1,1,1,0.135368421052632,"Yes"
34,22,5800,7.1,0,1,0,1,0,0.0489655172413793,"Yes"
31,22,6310,5.4,0,0,1,1,1,0.0855784469096672,"Yes"
28,17,5400,7.5,0,0,1,0,0,0.0816666666666667,"Yes"
43,12,6640,10.3,1,0,0,1,1,0.0673192771084337,"Yes"
45,14,5260,5.6,1,0,0,0,0,0.073384030418251,"Yes"
31,13,4740,3,0,0,1,0,1,0.0324894514767932,"Yes"
29,19,5020,3.9,0,0,1,0,1,0.163745019920319,"Yes"
49,16,7490,3.1,0,1,0,1,1,0.167289719626168,"Yes"
42,12,7910,2.6,0,0,1,0,1,0.144121365360303,"Yes"
48,24,9000,7.3,0,0,1,1,1,0.239666666666667,"Yes"
25,14,4680,1.3,0,0,1,1,1,0.266666666666667,"Yes"
42,18,9350,3.8,0,0,1,1,0,0.0850267379679144,"Yes"
26,12,4780,5.9,0,0,0,1,0,0.0872384937238494,"Yes"
24,17,5620,2.9,1,0,0,1,0,0.0425266903914591,"Yes"
26,12,5490,4.7,1,0,0,1,0,0.128233151183971,"Yes"
27,14,4370,3.5,0,0,1,1,0,0.128604118993135,"Yes"
35,14,4970,4.2,0,0,1,1,0,0.169416498993964,"Yes"
54,38,11660,6,0,0,1,0,1,0.145197255574614,"Yes"
35,27,10500,5.4,0,1,0,0,1,0.120285714285714,"Yes"
33,24,9990,6,1,0,0,1,0,0.144144144144144,"Yes"
24,12,5650,7.2,0,1,0,1,1,0.0316814159292035,"Yes"
40,22,6190,1.5,0,1,0,0,0,0.308239095315024,"Yes"
30,20,6260,6.2,0,1,0,0,0,0.226198083067093,"Yes"
41,15,6820,6.5,0,0,1,0,0,0.215102639296188,"Yes"
45,34,22330,0.9,0,0,0,1,0,0.0716972682489924,"Yes"
45,26,7500,1,0,0,1,1,0,0.1296,"Yes"
35,16,5500,5.3,0,1,0,0,1,0.219454545454545,"Yes"
28,15,4750,5.9,0,0,1,1,0,0.0781052631578947,"Yes"
36,13,5740,9.7,0,0,1,1,0,0.063588850174216,"Yes"
23,13,4530,3.5,0,0,1,1,1,0.1,"Yes"
53,24,6710,2.3,0,1,0,1,1,0.219970193740686,"Yes"
34,12,4960,4.9,1,0,0,1,0,0.0715725806451613,"Yes"
31,14,4630,2.9,0,1,0,1,0,0.0498920086393089,"Yes"
35,13,5630,8.7,0,0,1,1,1,0.120959147424512,"Yes"
38,21,8710,4.9,1,0,0,1,0,0.156257175660161,"Yes"
27,14,5220,3.4,0,1,0,1,1,0.19904214559387,"Yes"
44,14,7990,4.4,1,0,0,0,0,0.263204005006258,"Yes"
36,25,9170,2.2,1,0,0,1,0,0.118429661941112,"Yes"
41,21,10680,5.4,1,0,0,1,0,0.156647940074906,"Yes"
33,22,7720,4.8,1,0,0,0,0,0.263341968911917,"Yes"
38,13,5620,4,0,0,0,1,0,0.137188612099644,"Yes"
32,13,5030,8.7,0,1,0,0,0,0.120874751491054,"Yes"
34,15,29010,5.3,1,0,0,1,0,0.123784901758014,"Yes"
38,15,6530,5.9,0,0,1,1,0,0.202450229709035,"Yes"
49,37,29040,4,0,0,0,0,0,0.106887052341598,"Yes"
32,12,13470,5.5,0,1,0,1,0,0.107572383073497,"Yes"
32,12,4870,6.5,0,0,1,1,1,0.109445585215606,"Yes"
38,28,15060,4.4,0,0,1,1,0,0.115338645418327,"Yes"
25,16,4400,5.7,1,0,0,0,1,0.186590909090909,"Yes"
40,13,5530,3.4,0,0,1,1,0,0.0802893309222423,"Yes"
31,14,4970,4.5,1,0,0,1,0,0.228370221327968,"Yes"
59,48,30030,6.6,1,0,0,1,1,0.18997668997669,"Yes"
40,14,6220,5.5,1,0,0,1,1,0.213504823151125,"Yes"
36,12,5510,7.9,0,0,0,0,0,0.111252268602541,"Yes"
43,15,9050,1.9,0,0,1,1,0,0.0739226519337017,"Yes"
53,13,5050,4.2,0,0,0,1,0,0.0726732673267327,"Yes"
36,14,4760,7.6,1,0,0,0,1,0.122899159663866,"Yes"
31,17,5310,7.5,0,1,0,1,1,0.285310734463277,"Yes"
26,12,4760,5.1,0,0,0,0,1,0.0659663865546219,"Yes"
33,12,5450,8.2,0,0,1,1,1,0.137614678899083,"Yes"
27,12,5330,4.3,0,0,1,1,0,0.0281425891181989,"Yes"
34,16,4840,5.3,0,0,0,1,0,0.128925619834711,"Yes"
41,25,10620,8.8,0,0,1,1,1,0.240960451977401,"Yes"
39,17,9510,5.3,0,1,0,0,1,0.056677181913775,"Yes"
28,17,4810,4.4,0,1,0,1,1,0.255093555093555,"Yes"
28,13,4510,7.8,0,1,0,1,0,0.189578713968958,"Yes"
54,46,27810,5.6,0,0,0,1,0,0.171772743617404,"Yes"
28,16,4660,1.6,1,0,0,0,1,0.234763948497854,"Yes"
34,18,7680,3.8,0,1,0,1,0,0.169401041666667,"Yes"
42,20,5580,3.9,0,0,0,1,0,0.208064516129032,"Yes"
40,17,4870,5.1,0,1,0,1,1,0.357494866529774,"Yes"
51,21,8400,7.2,0,1,0,0,1,0.0917857142857143,"Yes"
50,13,5170,8.1,0,1,0,1,1,0.252611218568665,"Yes"
36,26,7940,4.3,0,1,0,1,1,0.11095717884131,"Yes"
28,18,5150,3.5,0,1,0,1,0,0.0730097087378641,"Yes"
44,18,6020,5.3,0,0,1,1,1,0.0207641196013289,"Yes"
28,14,5570,2.7,0,1,0,0,0,0.0543985637342908,"Yes"
36,17,6310,6.6,0,1,0,1,0,0.211093502377179,"Yes"
48,14,7730,8.2,0,1,0,1,1,0.048124191461837,"Yes"
29,12,4620,6.7,0,1,0,1,0,0.117965367965368,"Yes"
43,14,5350,5.9,1,0,0,1,1,0.178878504672897,"Yes"
33,13,7400,6.1,1,0,0,1,0,0.153378378378378,"Yes"
34,13,5210,4.2,1,0,0,0,0,0.147792706333973,"Yes"
31,16,7530,8.8,0,0,1,1,0,0.270119521912351,"Yes"
44,13,4740,5.7,0,0,1,0,1,0.143248945147679,"Yes"
34,21,6000,6.5,0,1,0,1,0,0.247166666666667,"Yes"
29,17,7280,2.9,0,0,1,0,1,0.216483516483516,"Yes"
48,26,12350,2.9,1,0,0,1,1,0.151578947368421,"Yes"
43,27,17980,5.5,1,0,0,0,1,0.278197997775306,"Yes"
31,23,7910,4.4,0,0,0,0,0,0.134386852085967,"Yes"
55,42,19400,5.5,0,0,1,1,1,0.302680412371134,"Yes"
33,13,4820,2.3,1,0,0,1,0,0.12344398340249,"Yes"
43,30,15480,6.1,0,1,0,1,1,0.341989664082687,"Yes"
32,18,6500,6.9,0,1,0,1,1,0.176153846153846,"Yes"
50,28,20260,3.6,1,0,0,0,1,0.144373149062192,"Yes"
34,21,9000,6.1,0,0,1,0,0,0.136555555555556,"Yes"
38,18,6130,4.4,1,0,0,1,1,0.0388254486133768,"Yes"
38,25,12560,9.1,0,1,0,1,1,0.235589171974522,"Yes"
30,17,7390,4.2,0,0,1,1,0,0.115696887686062,"Yes"
34,13,4630,3.2,0,1,0,0,1,0.110583153347732,"Yes"
55,12,5230,6.6,0,1,0,1,0,0.235372848948375,"Yes"
42,12,5090,4.4,0,1,0,0,1,0.056188605108055,"Yes"
37,19,8360,3.4,0,1,0,0,1,0.172368421052632,"Yes"
39,16,10830,3.4,0,0,1,1,0,0.259741458910434,"Yes"
26,16,6660,3.3,0,0,1,0,0,0.0490990990990991,"Yes"
38,19,12570,3.6,0,0,1,1,0,0.231583134447096,"Yes"
29,17,5410,4.9,1,0,0,1,1,0.140850277264325,"Yes"
27,15,4980,6.4,0,0,1,1,1,0.0805220883534137,"Yes"
31,14,7130,5.3,0,1,0,1,0,0.14726507713885,"Yes"
43,14,5640,4.6,0,0,1,0,1,0.134929078014184,"Yes"
37,15,6320,5.7,0,0,0,0,0,0.111075949367089,"Yes"
37,12,5280,4.1,0,0,1,1,0,0.0884469696969697,"Yes"
26,16,5640,5.5,0,0,1,0,0,0.147517730496454,"Yes"
35,16,6960,3.9,1,0,0,0,0,0.127729885057471,"Yes"
51,13,4740,5.6,0,1,0,1,0,0.134388185654008,"Yes"
26,17,5370,5.3,0,0,1,1,1,0.207448789571695,"Yes"
31,19,4870,5.4,0,1,0,0,1,0.103901437371663,"Yes"
31,18,5320,5.7,0,1,0,1,0,0.0992481203007519,"Yes"
33,21,6530,3.8,0,0,1,1,0,0.106738131699847,"Yes"
33,13,6190,5.7,0,1,0,1,0,0.160743134087237,"Yes"
25,14,4740,1.9,1,0,0,1,0,0.246413502109705,"Yes"
40,12,6730,5.3,1,0,0,1,0,0.211589895988113,"Yes"
25,12,5640,7.9,1,0,0,1,0,0.107269503546099,"Yes"
41,25,7530,1.8,1,0,0,1,0,0.0743691899070385,"Yes"
30,12,5720,7.4,0,1,0,1,1,0.0727272727272727,"Yes"
51,22,9330,4.4,0,0,0,0,1,0.380921757770632,"Yes"
27,15,6180,11,0,1,0,0,0,0.152750809061489,"Yes"
29,19,5910,5.4,0,0,1,1,1,0.0499153976311337,"Yes"
35,20,4990,3.3,0,1,0,1,1,0.194589178356713,"Yes"
35,13,5090,4.1,0,0,1,1,1,0.0414538310412574,"Yes"
34,12,5360,6.5,1,0,0,1,0,0.15,"Yes"
51,12,5520,5.5,0,0,1,1,0,0.0798913043478261,"Yes"
32,19,5690,6.3,0,0,1,0,0,0.181370826010545,"Yes"
43,19,5460,5,0,0,1,1,1,0.167582417582418,"Yes"
45,34,14090,6.3,0,1,0,1,0,0.0769339957416608,"Yes"
37,12,5730,3.8,0,1,0,1,1,0.13630017452007,"Yes"
44,16,11410,5.7,0,1,0,1,1,0.166257668711656,"Yes"
41,29,9840,5.2,0,1,0,0,1,0.307215447154472,"Yes"
47,13,6960,6.1,0,0,0,0,1,0.098132183908046,"Yes"
47,29,8580,5.6,0,1,0,0,0,0.125524475524476,"Yes"
38,13,5040,5.8,0,1,0,1,0,0.0958333333333333,"Yes"
35,14,5970,3,1,0,0,1,1,0.222278056951424,"Yes"
52,17,6090,7.6,0,1,0,0,0,0.0658456486042693,"Yes"
29,18,5260,7.4,0,0,1,0,1,0.276996197718631,"Yes"
42,28,7200,6.1,1,0,0,1,1,0.16125,"Yes"
40,16,9980,3.3,0,0,1,1,0,0.184468937875751,"Yes"
35,16,4970,3.7,0,0,1,0,1,0.238229376257545,"Yes"
38,14,4900,3.3,0,0,1,0,0,0.213061224489796,"Yes"
37,16,5390,5.1,0,0,0,1,0,0.0877551020408163,"Yes"
27,18,4820,4.7,0,0,1,1,0,0.180705394190871,"Yes"
46,14,5600,5.4,0,0,1,0,1,0.199107142857143,"Yes"
39,23,9490,3,0,1,0,0,0,0.167966280295047,"Yes"
31,22,6030,5.1,0,1,0,1,1,0.125538971807629,"Yes"
47,35,14260,3.3,0,0,1,1,0,0.138849929873773,"Yes"
30,17,7620,6.5,0,1,0,1,1,0.0703412073490814,"Yes"
36,20,6430,5.5,1,0,0,1,1,0.0567651632970451,"Yes"
43,15,7760,6.1,0,0,1,1,1,0.228737113402062,"Yes"
23,13,5230,4.2,0,0,0,1,1,0.147036328871893,"Yes"
50,14,5530,5.9,0,1,0,0,0,0.0191681735985533,"Yes"
25,12,5750,7.1,1,0,0,1,0,0.159652173913043,"Yes"
36,13,5970,2.5,0,0,1,0,0,0.381574539363484,"Yes"
41,13,5420,9.5,0,0,1,1,0,0.133948339483395,"Yes"
30,20,6080,3.2,0,1,0,1,1,0.00608552631578947,"Yes"
35,17,8600,4.1,1,0,0,0,0,0.181627906976744,"Yes"
26,12,5440,5.5,1,0,0,0,1,0.311029411764706,"Yes"
37,26,8610,4.3,0,1,0,1,0,0.173867595818815,"Yes"
27,15,5510,6.2,0,0,1,1,0,0.0212341197822142,"Yes"
43,17,9360,3.9,0,0,1,1,0,0.201175213675214,"Yes"
36,25,8710,4.1,0,1,0,1,0,0.142250287026406,"Yes"
35,27,9890,4.3,1,0,0,1,0,0.2,"Yes"
33,18,5890,6.4,0,0,1,0,0,0.142275042444822,"Yes"
34,12,4860,4.3,0,1,0,0,1,0.10679012345679,"Yes"
43,19,6230,2.4,1,0,0,0,1,0.123756019261637,"Yes"
49,12,6410,4.8,0,1,0,1,0,0.0882995319812793,"Yes"
40,16,5270,8,1,0,0,1,1,0.107969639468691,"Yes"
30,20,5500,6.1,0,1,0,1,1,0.226363636363636,"Yes"
34,15,4480,2.8,0,1,0,1,1,0.153794642857143,"Yes"
28,15,5360,7.4,0,1,0,0,1,0.0380597014925373,"Yes"
48,13,5840,1.9,0,1,0,1,0,0.0539383561643836,"Yes"
40,26,5790,5.2,0,0,1,1,0,0.131433506044905,"Yes"
33,14,4930,5,1,0,0,1,0,0.0858012170385396,"Yes"
28,13,4880,4.7,0,1,0,1,1,0.122950819672131,"Yes"
36,18,5970,3.8,1,0,0,0,0,0.238693467336683,"Yes"
29,13,4860,6.7,0,0,1,0,0,0.278189300411523,"Yes"
37,24,7790,5.3,0,1,0,1,1,0.268806161745828,"Yes"
33,17,6690,2.3,0,1,0,1,0,0.1101644245142,"Yes"
44,16,4860,3.6,0,0,1,1,0,0.0569958847736626,"Yes"
43,14,6010,5.8,1,0,0,1,1,0.0886855241264559,"Yes"
50,21,13610,4.5,0,1,0,1,1,0.0440852314474651,"Yes"
37,20,9020,6,0,1,0,1,1,0.243348115299335,"Yes"
44,21,9850,6.6,0,0,0,0,1,0.18507614213198,"Yes"
46,13,11270,4.1,0,0,1,1,0,0.194143744454303,"Yes"
29,16,7970,3,0,1,0,1,0,0.0824341279799247,"Yes"
32,12,6760,4.4,1,0,0,1,1,0.244674556213018,"Yes"
57,38,28360,6.9,0,1,0,0,0,0.0542665726375176,"Yes"
35,27,6210,3.8,0,0,1,1,0,0.215942028985507,"Yes"
47,13,5000,6.8,0,0,1,1,0,0.2698,"Yes"
40,17,5390,4.1,0,0,1,0,0,0.336363636363636,"Yes"
26,15,5720,5.6,1,0,0,1,0,0.015034965034965,"Yes"
41,17,5520,1.7,0,0,0,1,1,0.0550724637681159,"Yes"
41,18,25960,5.5,0,1,0,0,1,0.161671802773498,"Yes"
28,19,5870,6.5,0,0,1,1,0,0.0577512776831346,"Yes"
32,14,4470,0.1,0,1,0,1,1,0.167785234899329,"Yes"
45,13,6830,4.8,0,1,0,1,1,0.25095168374817,"Yes"
23,13,4830,4.9,0,0,1,1,0,0.153002070393375,"Yes"
33,12,4870,5.3,1,0,0,1,0,0.215195071868583,"Yes"
42,18,6540,6.2,1,0,0,1,1,0.37217125382263,"Yes"
37,14,5140,1.6,0,0,1,0,0,0.157587548638132,"Yes"
40,12,6230,2.2,0,1,0,0,0,0.137881219903692,"Yes"
24,13,4380,6.6,0,1,0,1,0,0.0308219178082192,"Yes"
39,16,7840,1.6,0,0,1,1,0,0.0965561224489796,"Yes"
37,18,7190,4.8,0,0,1,0,0,0.115716272600834,"Yes"
46,29,6890,3,0,0,1,0,1,0.116545718432511,"Yes"
36,22,23080,4.7,1,0,0,1,1,0.0919844020797227,"Yes"
48,12,5650,8.2,0,1,0,0,0,0.128141592920354,"Yes"
23,12,4390,7.5,1,0,0,1,0,0.244191343963554,"Yes"
33,12,4580,6.8,0,0,0,1,0,0.0829694323144105,"Yes"
36,13,6390,5.8,0,1,0,0,0,0.121596244131455,"Yes"
28,19,5160,3.8,0,0,1,1,0,0.229651162790698,"Yes"
58,19,8500,5,0,0,0,1,0,0.078,"Yes"
29,13,5240,5.6,0,1,0,1,1,0.239503816793893,"Yes"
33,20,6080,3.3,0,1,0,0,0,0.140460526315789,"Yes"
26,13,4590,7.3,0,1,0,1,0,0.147712418300654,"Yes"
42,12,5860,7.3,0,0,1,1,0,0.0807167235494881,"Yes"
42,14,5330,7.2,0,1,0,1,0,0.123264540337711,"Yes"
42,12,5430,4.6,0,0,1,0,0,0.213627992633518,"Yes"
24,13,4730,4.6,0,1,0,1,0,0.259196617336152,"Yes"
26,14,4850,2.2,0,1,0,1,1,0.0977319587628866,"Yes"
36,15,8340,6.1,0,0,1,1,0,0.166067146282974,"Yes"
50,42,15500,2.4,0,1,0,0,1,0.143354838709677,"Yes"
43,18,6390,5.3,0,0,0,1,0,0.115492957746479,"Yes"
30,16,5080,5,1,0,0,1,1,0.128149606299213,"Yes"
46,34,11580,9,0,0,1,1,0,0.146459412780656,"Yes"
32,16,6210,4,0,1,0,0,0,0.0497584541062802,"Yes"
38,12,5640,7.4,0,1,0,1,0,0.0230496453900709,"Yes"
30,18,9040,8.3,0,1,0,1,1,0.133296460176991,"Yes"
28,16,5210,6.3,0,0,1,0,0,0.277927063339731,"Yes"
42,14,8340,3.7,0,1,0,0,0,0.147841726618705,"Yes"
35,12,5130,2.6,0,0,0,0,0,0.0280701754385965,"Yes"
26,13,8210,4.3,0,0,1,1,0,0.0623629719853837,"Yes"
27,18,5070,2.9,0,0,1,1,1,0.129585798816568,"Yes"
43,18,6720,3,1,0,0,1,1,0.0321428571428571,"Yes"
33,20,5840,3.9,0,1,0,1,1,0.216438356164384,"Yes"
44,16,17440,3,1,0,0,1,0,0.236697247706422,"Yes"
31,15,5710,7.7,1,0,0,0,0,0.0390542907180385,"Yes"
45,18,10920,3.9,0,0,0,1,0,0.0788461538461538,"Yes"
30,17,4840,4.7,0,1,0,1,0,0.0233471074380165,"Yes"
28,15,6040,10.9,1,0,0,1,0,0.180132450331126,"Yes"
30,17,5630,5.3,0,0,1,1,1,0.0872113676731794,"Yes"
24,13,4850,6.8,0,1,0,1,0,0.116494845360825,"Yes"
31,18,4890,2.5,0,0,1,1,1,0.0570552147239264,"Yes"
34,13,4670,8.5,1,0,0,1,0,0.121627408993576,"Yes"
30,18,6730,6.5,0,1,0,1,0,0.0826151560178306,"Yes"
26,13,4430,4.7,0,1,0,1,1,0.218961625282167,"Yes"
27,12,4470,6.2,0,0,1,1,0,0.0814317673378076,"Yes"
30,14,5190,3.8,1,0,0,1,0,0.192485549132948,"Yes"
28,15,5640,4.7,0,1,0,1,1,0.16436170212766,"Yes"
33,12,5030,5.6,1,0,0,1,0,0.0785288270377734,"Yes"
49,12,5700,4.3,0,1,0,1,1,0.3,"Yes"
30,14,9020,2.5,0,1,0,0,1,0.0374722838137472,"Yes"
42,18,9770,5.7,0,0,1,1,1,0.0573183213920164,"Yes"
32,19,11070,1.9,0,1,0,0,0,0.169647696476965,"Yes"
52,33,11470,3.6,1,0,0,1,0,0.21176983435048,"Yes"
28,13,7760,7.8,1,0,0,1,1,0.0929123711340206,"Yes"
43,27,8170,3.8,0,1,0,1,0,0.314932680538556,"Yes"
30,12,9410,4.8,0,1,0,0,1,0.0452709883103082,"Yes"
28,21,4720,8,0,0,1,1,0,0.217584745762712,"Yes"
34,19,6690,8.5,0,1,0,1,0,0.0705530642750374,"Yes"
39,13,4960,5.7,1,0,0,1,0,0.128024193548387,"Yes"
29,20,6000,6.8,0,0,1,0,0,0.282166666666667,"Yes"
38,15,5100,3.3,0,0,1,1,1,0.156666666666667,"Yes"
32,21,6480,4.9,0,0,1,0,1,0.0953703703703704,"Yes"
46,17,7530,6.6,0,0,1,1,1,0.259495351925631,"Yes"
32,14,4650,9.1,1,0,0,1,0,0.284086021505376,"Yes"
29,17,6620,4.7,0,0,0,0,0,0.15392749244713,"Yes"
35,21,8470,2.9,0,0,0,1,1,0.164580873671783,"Yes"
32,12,5540,4.8,0,1,0,1,1,0.287364620938628,"Yes"
32,21,9010,5.6,1,0,0,1,0,0.0849056603773585,"Yes"
37,14,6800,4.4,0,1,0,1,0,0.0830882352941176,"Yes"
30,15,6200,7.9,0,0,1,1,0,0.0753225806451613,"Yes"
28,20,6580,6.7,0,0,1,1,0,0.167781155015198,"Yes"
29,19,6350,7.5,0,0,1,1,0,0.133228346456693,"Yes"
35,14,5660,8.5,1,0,0,1,0,0.0932862190812721,"Yes"
38,27,6580,6,0,1,0,0,0,0.317629179331307,"Yes"
47,16,6860,6.1,0,0,1,1,0,0.0134110787172012,"Yes"
35,14,5350,6.5,0,0,1,1,0,0.224859813084112,"Yes"
32,20,5570,5.8,1,0,0,1,0,0.168581687612208,"Yes"
23,12,4470,5.3,0,1,0,1,1,0.0503355704697987,"Yes"
28,12,5260,3,1,0,0,1,0,0.0384030418250951,"Yes"
42,13,5390,5.5,0,0,1,0,1,0.158441558441558,"Yes"
27,13,5180,6.1,1,0,0,1,1,0.266602316602317,"Yes"
32,15,6600,4.9,0,1,0,1,0,0.194090909090909,"Yes"
32,13,4610,5.9,0,0,1,0,0,0.225596529284165,"Yes"
25,12,4510,3.2,0,0,1,1,0,0.314634146341463,"Yes"
40,14,7430,6.5,0,1,0,1,1,0.095693135935397,"Yes"
39,16,4930,7.1,0,0,1,0,0,0.164908722109533,"Yes"
29,17,5040,7.4,0,0,1,1,1,0.0365079365079365,"Yes"
31,18,7440,4.7,0,1,0,1,1,0.112096774193548,"Yes"
28,14,4540,3.9,0,1,0,0,0,0.0475770925110132,"Yes"
40,17,5730,7.5,0,0,1,1,1,0.0387434554973822,"Yes"
38,17,5850,5.5,0,0,0,1,0,0.28957264957265,"Yes"
26,13,4830,8.9,0,0,1,1,1,0.422567287784679,"Yes"
27,14,5230,7.7,1,0,0,1,0,0.054302103250478,"Yes"
37,18,5510,3,0,1,0,1,1,0.181306715063521,"Yes"
33,12,10620,5.7,1,0,0,1,1,0.0759887005649718,"Yes"
33,13,5830,4.4,0,0,1,1,0,0.0487135506003431,"Yes"
26,12,4910,4.8,0,1,0,0,1,0.146028513238289,"Yes"
45,21,5920,4.4,0,1,0,0,0,0.0195945945945946,"Yes"
30,13,5660,3,0,0,1,1,1,0.181978798586572,"Yes"
30,18,5540,7.7,0,1,0,0,0,0.206137184115523,"Yes"
29,21,5940,6.1,0,0,1,1,1,0.115488215488215,"Yes"
31,17,6590,4.9,0,0,0,1,0,0.17814871016692,"Yes"
40,12,6160,4.1,0,1,0,1,1,0.148863636363636,"Yes"
41,20,11310,4.8,0,1,0,0,1,0.193633952254642,"Yes"
36,15,8160,5.9,0,0,1,1,1,0.143995098039216,"Yes"
29,13,5710,6,0,1,0,1,1,0.157092819614711,"Yes"
31,14,5490,2.5,0,1,0,1,1,0.140983606557377,"Yes"
38,22,6810,5.3,0,0,1,1,0,0.204258443465492,"Yes"
44,12,7400,3.3,1,0,0,1,1,0.135675675675676,"Yes"
29,13,8920,5.9,0,0,1,0,0,0.202578475336323,"Yes"
30,18,4890,4.3,1,0,0,0,0,0.416973415132924,"Yes"
30,17,8160,2.5,0,0,0,1,1,0.064093137254902,"Yes"
37,20,7360,2,0,0,1,1,0,0.349184782608696,"Yes"
26,12,5820,4.2,0,0,1,0,0,0.0627147766323024,"Yes"
26,12,4750,5.5,1,0,0,1,0,0.143789473684211,"Yes"
25,12,4780,4.4,0,0,1,1,0,0.0179916317991632,"Yes"
41,13,5730,9.2,0,1,0,1,1,0.0846422338568935,"Yes"
56,32,10340,4,0,1,0,1,0,0.329110251450677,"Yes"
36,28,5680,3.9,0,1,0,1,0,0.213556338028169,"Yes"
47,31,11930,9,0,0,1,0,1,0.171081307627829,"Yes"
33,22,6890,4.4,0,0,1,1,0,0.150653120464441,"Yes"
30,19,9390,5.6,0,1,0,1,1,0.0550585729499468,"Yes"
35,12,5610,6.4,0,0,1,1,0,0.136363636363636,"Yes"
36,27,7210,7.2,1,0,0,1,0,0.245908460471567,"Yes"
41,12,5180,7.5,0,0,1,1,0,0.0245173745173745,"Yes"
45,21,8460,7,0,1,0,1,0,0.0869976359338061,"Yes"
26,14,5490,3.2,0,1,0,0,0,0.0524590163934426,"Yes"
38,17,9430,4.6,0,0,1,1,0,0.0409331919406151,"Yes"
46,12,5640,5.5,0,0,1,0,1,0.155141843971631,"Yes"
35,24,10320,5.6,1,0,0,1,1,0.321317829457364,"Yes"
35,13,7570,8.6,1,0,0,1,1,0.139498018494055,"Yes"
32,19,7160,4.9,0,1,0,1,1,0.0994413407821229,"Yes"
31,15,5230,7.3,0,0,1,1,1,0.0305927342256214,"Yes"
37,23,10070,5.5,0,1,0,0,1,0.125422045680238,"Yes"
38,18,6240,4.3,0,1,0,1,1,0.137339743589744,"Yes"
37,16,6090,3.9,1,0,0,1,1,0.126436781609195,"Yes"
46,16,7390,9.1,0,1,0,1,0,0.229634641407307,"Yes"
39,21,6300,6.5,0,1,0,0,0,0.0777777777777778,"Yes"
50,15,5960,1.1,1,0,0,1,1,0.176845637583893,"Yes"
44,26,7110,5.5,0,0,1,0,0,0.163713080168776,"Yes"
31,12,4830,5.7,0,1,0,1,0,0.192339544513458,"Yes"
33,12,4910,2.8,0,1,0,1,1,0.0971486761710794,"Yes"
31,14,6020,6,1,0,0,1,0,0.0473421926910299,"Yes"
32,13,4580,4.4,1,0,0,1,1,0.0777292576419214,"Yes"
42,16,5530,3.7,1,0,0,0,0,0.150994575045208,"Yes"
33,20,5540,5,0,0,1,0,0,0.156498194945848,"Yes"
34,21,6400,2.8,1,0,0,0,0,0.07359375,"Yes"
29,13,4310,2.9,1,0,0,1,0,0.0689095127610209,"Yes"
37,16,10680,5.2,1,0,0,1,0,0.296535580524345,"Yes"
27,13,4850,5.2,0,0,1,0,1,0.102268041237113,"Yes"
28,13,6100,4.9,1,0,0,1,0,0.119344262295082,"Yes"
43,14,5940,5.9,0,0,1,0,0,0.0457912457912458,"Yes"
35,19,12390,5.7,0,1,0,0,1,0.0445520581113801,"Yes"
53,14,6990,4.8,0,0,1,0,1,0.0758226037195994,"Yes"
28,15,6920,3.4,0,0,1,0,0,0.145809248554913,"Yes"
34,12,5860,4.6,0,1,0,1,1,0.0687713310580205,"Yes"
24,12,4300,9.1,1,0,0,1,1,0.138604651162791,"Yes"
31,12,8960,6.4,1,0,0,1,0,0.191629464285714,"Yes"
32,15,4530,5.2,0,1,0,1,0,0.063355408388521,"Yes"
29,13,5560,3.5,1,0,0,1,0,0.0897482014388489,"Yes"
35,12,6700,6.7,0,1,0,1,0,0.0558208955223881,"Yes"
57,12,7540,5.3,0,1,0,1,1,0.134084880636605,"Yes"
34,14,5540,4.7,1,0,0,1,0,0.00523465703971119,"Yes"
47,33,25480,5.8,0,0,0,1,1,0.124489795918367,"Yes"
31,18,5210,8.5,0,1,0,1,0,0.175239923224568,"Yes"
34,23,5500,9,0,1,0,0,1,0.0743636363636364,"Yes"
45,37,21290,3.6,0,0,1,0,1,0.16139032409582,"Yes"
24,14,4650,0.6,0,0,1,1,0,0.0483870967741935,"Yes"
51,19,15940,4.2,1,0,0,1,0,0.110288582183187,"Yes"
31,18,4920,1.8,0,0,1,1,0,0.277439024390244,"Yes"
34,15,6660,4.4,0,0,0,1,0,0.193843843843844,"Yes"
43,12,5330,8.3,0,1,0,1,0,0.132270168855535,"Yes"
29,14,5740,9.1,1,0,0,1,1,0.0893728222996516,"Yes"
31,15,10170,1.5,1,0,0,0,1,0.0614552605703048,"Yes"
37,18,12230,4.6,1,0,0,1,1,0.353393295175797,"Yes"
29,12,5590,6.7,1,0,0,1,0,0.0924865831842576,"Yes"
34,14,4760,6.9,0,0,0,1,0,0.110924369747899,"Yes"
31,20,6150,3.2,0,0,1,1,0,0.174959349593496,"Yes"
